symbol,_id,company,dividend_startyear,exchange,group,groupcode,index_stockid,industry,industrycode,mktcap_norm_cny,pchange_12w,pchange_ytd,price,sector,sectorcode,share_percentage,shares,value,position,change,share_change,impact,abs_impact,split_factor,price_max,price_min,price_avg,change_from_average,portdate,action,comment,oid,address,business_scope,chairman,city,descrpt,email,main_business,manager,province,reg_capital,secretary,setup_date,website
TWTR,2021Q1_962106,推特,0,NYSE,交互式媒体,30830,-,互联网和相关服务,30830010,351260899000,-5.08,25.71,$68.07,通信服务,308,0.98,7793240,495884000,0.99,10000.0,7793240,0.99,0.99,1,77.63,45.18,61.29,11.06,2021-03-31T04:00:00Z,{1_trade_buy},{trade_buy},2021Q1_962106,,,,,,,,,,,,,
PCAR,2021Q1_962102,帕卡,2010,NAS,农用和重型工程机械,31050,-,农用和重型工程机械,31050010,198282698000,-6.68,3.15,$88.34,工业,310,0.91,3157652,293409000,0.58,10000.0,3157652,0.58,0.58,1,99.6,84.72,93.81,-5.83,2021-03-31T04:00:00Z,{1_trade_buy},{trade_buy},2021Q1_962102,,,,,,,,,,,,,
DKNG,2021Q1_962114,DraftKings Inc,0,NAS,旅游和娱乐,10290,-,赌博,10290010,116415871000,-22.01,-3.72,$44.83,周期性消费,102,1.09,4375424,268345000,0.53,10000.0,4375424,0.53,0.53,1,71.98,44.86,60.08,-25.38,2021-03-31T04:00:00Z,{1_trade_buy},{trade_buy},2021Q1_962114,,,,,,,,,,,,,
BMY,2021Q1_962077,施贵宝,1987,NYSE,医药制造,20620,-,通用医药制造,20620010,973450218000,5.4,10.29,$67.43,医疗保健,206,0.1,2179919,137618000,0.27,10000.0,2179919,0.27,0.27,1,66.74,59.34,62.18,8.44,2021-03-31T04:00:00Z,{1_trade_buy},{trade_buy},2021Q1_962077,,,,,,,,,,,,,
SKLZ,2021Q1_962104,Skillz Inc,0,NYSE,交互式媒体,30830,-,电子游戏和多媒体,30830020,39170268000,1.19,-23.6,$15.28,通信服务,308,1.52,6012260,114473000,0.23,10000.0,6012260,0.23,0.23,1,43.72,18.0,28.87,-47.07,2021-03-31T04:00:00Z,{1_trade_buy},{trade_buy},2021Q1_962104,,,,,,,,,,,,,
LMT,2021Q1_962100,洛克希德马丁,2000,NYSE,航空航天和国防,31010,-,航空航天和国防,31010010,679225570000,-2.5,8.02,$378.25,工业,310,0.1,276755,102261000,0.2,10000.0,276755,0.2,0.2,1,372.79,321.82,342.99,10.28,2021-03-31T04:00:00Z,{1_trade_buy},{trade_buy},2021Q1_962100,,,,,,,,,,,,,
TDY,2021Q1_962105,Teledyne Technologies Inc,0,NYSE,硬件,31120,-,科技仪器,31120060,131225405000,2.25,11.33,$436.41,科技,311,0.46,214977,88925000,0.18,10000.0,214977,0.18,0.18,1,413.65,356.17,386.0,13.06,2021-03-31T04:00:00Z,{1_trade_buy},{trade_buy},2021Q1_962105,,,,,,,,,,,,,
BFLY,2021Q1_962108,Butterfly Network Inc,0,NYSE,医疗器械,20650,-,医疗设备,20650010,13258650000,-30.39,0.0,$10.72,医疗保健,206,2.76,5286325,88969000,0.18,10000.0,5286325,0.18,0.18,1,27.14,16.05,19.3,-44.46,2021-03-31T04:00:00Z,{1_trade_buy},{trade_buy},2021Q1_962108,,,,,,,,,,,,,
CMLF,2021Q1_962109,CM Life Sciences Inc,0,NAS,多元化金融服务,10350,-,空壳公司,10350010,4112063000,-15.13,4.17,$11.50,金融服务,103,7.65,4231546,63008000,0.13,10000.0,4231546,0.13,0.13,1,25.81,10.75,15.92,-27.76,2021-03-31T04:00:00Z,{1_trade_buy},{trade_buy},2021Q1_962109,,,,,,,,,,,,,
ABBV,2021Q1_962107,艾伯维,2013,NYSE,医药制造,20620,-,通用医药制造,20620010,1338138665000,10.84,13.0,$117.18,医疗保健,206,0.03,553117,59858000,0.12,10000.0,553117,0.12,0.12,1,112.62,102.3,106.92,9.6,2021-03-31T04:00:00Z,{1_trade_buy},{trade_buy},2021Q1_962107,,,,,,,,,,,,,
VUZI,2021Q1_962117,Vuzix Corporation,0,NAS,硬件,31120,-,消费类电子产品,31120030,6019091000,-36.27,62.56,$14.76,科技,311,3.3,2084017,53017000,0.11,10000.0,2084017,0.11,0.11,1,28.81,8.48,16.24,-9.11,2021-03-31T04:00:00Z,{1_trade_buy},{trade_buy},2021Q1_962117,,,,,,,,,,,,,
PANHF,2021Q1_962112,平安好医生,0,OTCPK,医疗机构和服务,20645,-,医疗信息服务,20645030,83094244000,-10.08,-8.96,$10.97,医疗保健,206,0.35,4010500,50296000,0.1,10000.0,4010500,0.1,0.1,1,18.75,10.5,13.21,-16.96,2021-03-31T04:00:00Z,{1_trade_buy},{trade_buy},2021Q1_962112,,,,,,,,,,,,,
SGFY,2021Q1_962110,Signify Health Inc,0,NYSE,医疗机构和服务,20645,-,医疗信息服务,20645030,29295481000,-0.07,0.0,$26.97,医疗保健,206,1.01,1694034,49567000,0.1,10000.0,1694034,0.1,0.1,1,39.44,24.29,31.11,-13.31,2021-03-31T04:00:00Z,{1_trade_buy},{trade_buy},2021Q1_962110,,,,,,,,,,,,,
ONEM,2021Q1_962079,1Life Healthcare Inc,0,NAS,医疗机构和服务,20645,-,医疗信息服务,20645030,23697526000,-37.7,-39.06,$26.60,医疗保健,206,0.8,1098269,42920000,0.09,10000.0,1098269,0.09,0.09,1,58.7,37.27,47.14,-43.57,2021-03-31T04:00:00Z,{1_trade_buy},{trade_buy},2021Q1_962079,,,,,,,,,,,,,
SEER,2021Q1_962119,Seer Inc,0,NAS,生物科技,20610,-,生物科技,20610010,10964649000,-47.76,-50.71,$27.67,医疗保健,206,1.38,848274,42431000,0.08,10000.0,848274,0.08,0.08,1,84.06,38.67,58.67,-52.84,2021-03-31T04:00:00Z,{1_trade_buy},{trade_buy},2021Q1_962119,,,,,,,,,,,,,
RBLX,2021Q1_962129,Roblox Corp,0,NYSE,交互式媒体,30830,-,电子游戏和多媒体,30830020,284718566000,-2.99,0.0,$77.28,通信服务,308,0.09,516877,33509000,0.07,10000.0,516877,0.07,0.07,1,77.0,64.5,69.7,10.88,2021-03-31T04:00:00Z,{1_trade_buy},{trade_buy},2021Q1_962129,,,,,,,,,,,,,
EXPCU,2021Q1_962096,Experience Investment Corp,0,NAS,多元化金融服务,10350,-,空壳公司,10350010,0,-41.82,-19.49,$9.50,金融服务,103,0.0,2744999,30799000,0.06,10000.0,2744999,0.06,0.06,1,20.89,11.0,14.98,-36.58,2021-03-31T04:00:00Z,{1_trade_buy},{trade_buy},2021Q1_962096,,,,,,,,,,,,,
AONE,2021Q1_962116,One,0,NYSE,多元化金融服务,10350,-,空壳公司,10350010,1486009000,-18.32,-20.52,$8.56,金融服务,103,7.83,2103928,24385000,0.05,10000.0,2103928,0.05,0.05,1,13.66,10.71,11.49,-25.5,2021-03-31T04:00:00Z,{1_trade_buy},{trade_buy},2021Q1_962116,,,,,,,,,,,,,
BILL,2021Q1_962113,Bill.com Holdings Inc,0,NYSE,软件,31110,-,软件应用,31110020,108402706000,9.44,31.61,$179.65,科技,311,0.18,169108,24605000,0.05,10000.0,169108,0.05,0.05,1,192.0,113.49,150.44,19.42,2021-03-31T04:00:00Z,{1_trade_buy},{trade_buy},2021Q1_962113,,,,,,,,,,,,,
ACIC,2021Q1_962115,Atlas Crest Investment Corp,0,NYSE,多元化金融服务,10350,-,空壳公司,10350010,3997686000,-0.5,-1.59,$9.90,金融服务,103,2.34,1459498,14668000,0.03,10000.0,1459498,0.03,0.03,1,17.14,10.04,11.4,-13.16,2021-03-31T04:00:00Z,{1_trade_buy},{trade_buy},2021Q1_962115,,,,,,,,,,,,,
DM,2021Q1_962093,多兰传媒,0,NYSE,硬件,31120,-,计算机硬件,31120020,15500916000,-25.38,-45.47,$9.38,科技,311,0.4,1030570,15355000,0.03,10000.0,1030570,0.03,0.03,1,33.5,14.45,22.17,-57.69,2021-03-31T04:00:00Z,{1_trade_buy},{trade_buy},2021Q1_962093,,,,,,,,,,,,,
SPFR,2021Q1_962131,Jaws Spitfire Acquisition Corp,0,NYSE,多元化金融服务,10350,-,空壳公司,10350010,2765942000,-2.65,0.0,$9.92,金融服务,103,1.85,796478,8164000,0.02,10000.0,796478,0.02,0.02,1,11.79,10.15,10.88,-8.82,2021-03-31T04:00:00Z,{1_trade_buy},{trade_buy},2021Q1_962131,,,,,,,,,,,,,
ITGMF,2021Q1_962082,Augwind Energy Tech Storage Ltd,0,GREY,工业制品,31070,-,特种工业机械,31070020,2523848000,-29.28,-28.67,$21.65,工业,310,0.97,193616,4505000,0.01,10000.0,193616,0.01,0.01,1,31.41,28.85,30.15,-28.19,2021-03-31T04:00:00Z,{1_trade_buy},{trade_buy},2021Q1_962082,,,,,,,,,,,,,
DRIO,2021Q1_962094,DarioHealth Corp,0,NAS,医疗诊断和研究,20660,-,诊断和研究,20660010,1761455000,-14.72,15.96,$16.57,医疗保健,206,1.65,271619,5231000,0.01,10000.0,271619,0.01,0.01,1,30.42,15.41,22.65,-26.84,2021-03-31T04:00:00Z,{1_trade_buy},{trade_buy},2021Q1_962094,,,,,,,,,,,,,
ROBOF,2021Q1_962092,Robo Group TEK Ltd,0,OTCPK,硬件,31120,-,科技仪器,31120060,302986000,-46.67,-44.28,$1.12,科技,311,5.88,2674171,4615000,0.01,10000.0,2674171,0.01,0.01,1,3.2,1.66,2.17,-48.39,2021-03-31T04:00:00Z,{1_trade_buy},{trade_buy},2021Q1_962092,,,,,,,,,,,,,
BTSEF,2021Q1_962083,Bet Shemesh Engines Holdings (1997) Ltd,0,OTCPK,航空航天和国防,31010,-,航空航天和国防,31010010,1073882000,0.0,0.0,₪0.00,工业,310,3.15,278364,5894000,0.01,10000.0,278364,0.01,0.01,1,0.0,0.0,0.0,0.0,2021-03-31T04:00:00Z,{1_trade_buy},{trade_buy},2021Q1_962083,,,,,,,,,,,,,
SEDG,2021Q1_962103,SolarEdge Technologies Inc,0,NAS,半导体,31130,-,太阳能,31130030,81059150000,-5.78,-24.41,$241.21,科技,311,0.04,18439,5300000,0.01,10000.0,18439,0.01,0.01,1,365.97,246.71,302.05,-20.14,2021-03-31T04:00:00Z,{1_trade_buy},{trade_buy},2021Q1_962103,,,,,,,,,,,,,
LHX,2021Q1_962127,L3Harris Technologies Inc,2001,NYSE,航空航天和国防,31010,-,航空航天和国防,31010010,296686876000,6.7,19.51,$223.86,工业,310,0.01,15613,3164000,0.01,10000.0,15613,0.01,0.01,1,203.08,171.51,187.59,19.33,2021-03-31T04:00:00Z,{1_trade_buy},{trade_buy},2021Q1_962127,,,,,,,,,,,,,
NNOX,2021Q1_962101,Nano X Imaging Ltd,0,NAS,医疗器械,20650,-,医疗设备,20650010,8733258000,-17.02,-37.84,$28.38,医疗保健,206,0.2,94053,3898000,0.01,10000.0,94053,0.01,0.01,1,89.39,36.41,54.07,-47.51,2021-03-31T04:00:00Z,{1_trade_buy},{trade_buy},2021Q1_962101,,,,,,,,,,,,,
FROG,2021Q1_962097,JFrog Ltd,0,NAS,软件,31110,-,软件应用,31110020,26017061000,-18.03,-31.47,$43.06,科技,311,0.1,91060,4040000,0.01,10000.0,91060,0.01,0.01,1,69.93,43.38,57.78,-25.48,2021-03-31T04:00:00Z,{1_trade_buy},{trade_buy},2021Q1_962097,,,,,,,,,,,,,
PRNT,2021Q1_962128,ARK 3D Printing ETF,0,BATS,-,0,-,0,0,3280628000,-4.66,16.94,$36.80,-,0,0.73,100170,3891000,0.01,10000.0,100170,0.01,0.01,1,49.95,31.18,40.15,-8.34,2021-03-31T04:00:00Z,{1_trade_buy},{trade_buy},2021Q1_962128,,,,,,,,,,,,,
KRNT,2021Q1_962099,Kornit Digital Ltd,0,NAS,工业制品,31070,-,特种工业机械,31070020,34967458000,11.77,31.21,$116.95,工业,310,0.13,61070,6053000,0.01,10000.0,61070,0.01,0.01,1,119.41,81.77,98.88,18.27,2021-03-31T04:00:00Z,{1_trade_buy},{trade_buy},2021Q1_962099,,,,,,,,,,,,,
ITMMF,2021Q1_962088,Itamar Medical Ltd,0,OTCPK,医疗器械,20650,-,医疗设备,20650010,2110217000,23.97,48.51,$0.75,医疗保健,206,1.37,6710537,5167000,0.01,10000.0,6710537,0.01,0.01,1,1.0,0.51,0.75,0.0,2021-03-31T04:00:00Z,{1_trade_buy},{trade_buy},2021Q1_962088,,,,,,,,,,,,,
MGIC,2021Q1_962089,Magic Software Enterprises Ltd,2020,NAS,软件,31110,-,软件应用,31110020,5300606000,10.34,13.8,$17.60,科技,311,0.68,331141,5139000,0.01,10000.0,331141,0.01,0.01,1,17.92,14.64,16.47,6.86,2021-03-31T04:00:00Z,{1_trade_buy},{trade_buy},2021Q1_962089,,,,,,,,,,,,,
KMTUF,2021Q1_962123,Komatsu Ltd,2021,OTCPK,农用和重型工程机械,31050,-,农用和重型工程机械,31050010,153023634000,-21.3,-7.08,$24.68,工业,310,0.01,93188,2880000,0.01,10000.0,93188,0.01,0.01,1,32.5,27.79,29.96,-17.63,2021-03-31T04:00:00Z,{1_trade_buy},{trade_buy},2021Q1_962123,,,,,,,,,,,,,
ENLV,2021Q1_962095,Enlivex Therapeutics Ltd,0,NAS,生物科技,20610,-,生物科技,20610010,892407000,-32.86,-10.56,$7.54,医疗保健,206,2.6,476414,5283000,0.01,10000.0,476414,0.01,0.01,1,24.0,9.26,13.85,-45.56,2021-03-31T04:00:00Z,{1_trade_buy},{trade_buy},2021Q1_962095,,,,,,,,,,,,,
HEI,2021Q1_962126,海科航空,2002,NYSE,航空航天和国防,31010,-,航空航天和国防,31010010,111499477000,-0.66,1.59,$134.33,工业,310,0.0,5756,724000,0.0,10000.0,5756,0.0,0.0,1,138.78,116.13,128.49,4.55,2021-03-31T04:00:00Z,{1_trade_buy},{trade_buy},2021Q1_962126,,,,,,,,,,,,,
RTP,2021Q1_962130,Reinvent Technology Partners,0,NYSE,多元化金融服务,10350,-,空壳公司,10350010,5539096000,-1.58,-14.01,$9.94,金融服务,103,0.05,45000,457000,0.0,10000.0,45000,0.0,0.0,1,15.7,10.1,12.16,-18.26,2021-03-31T04:00:00Z,{1_trade_buy},{trade_buy},2021Q1_962130,,,,,,,,,,,,,
GRMN,2021Q1_962125,佳明,2003,NAS,硬件,31120,-,科技仪器,31120060,185241095000,8.11,25.68,$149.11,科技,311,0.01,9797,1292000,0.0,10000.0,9797,0.0,0.0,1,132.48,114.86,124.54,19.73,2021-03-31T04:00:00Z,{1_trade_buy},{trade_buy},2021Q1_962125,,,,,,,,,,,,,
BA,2021Q1_962124,波音,2020,NYSE,航空航天和国防,31010,-,航空航天和国防,31010010,841677051000,-11.29,4.06,$222.76,工业,310,0.0,8990,2290000,0.0,10000.0,8990,0.0,0.0,1,269.19,194.03,222.08,0.31,2021-03-31T04:00:00Z,{1_trade_buy},{trade_buy},2021Q1_962124,,,,,,,,,,,,,
KODK,2021Q1_962098,柯达,0,NYSE,商业服务,31020,-,特种商业服务,31020010,3750903000,1.79,-9.21,$7.39,工业,310,0.09,73084,575000,0.0,10000.0,73084,0.0,0.0,1,12.08,7.6,9.14,-19.15,2021-03-31T04:00:00Z,{1_trade_buy},{trade_buy},2021Q1_962098,,,,,,,,,,,,,
PYR,2021Q1_962080,PyroGenesis Canada Inc,0,NAS,工业制品,31070,-,特种工业机械,31070020,4786903000,-16.54,57.17,$4.44,工业,310,0.13,211000,1420000,0.0,10000.0,211000,0.0,0.0,1,9.43,2.79,5.87,-24.36,2021-03-31T04:00:00Z,{1_trade_buy},{trade_buy},2021Q1_962080,,,,,,,,,,,,,
EADSF,2021Q1_962121,Airbus SE,0,OTCPK,航空航天和国防,31010,-,航空航天和国防,31010010,663474161000,7.25,17.41,$131.50,工业,310,0.0,8928,1013000,0.0,10000.0,8928,0.0,0.0,1,124.63,100.0,113.24,16.12,2021-03-31T04:00:00Z,{1_trade_buy},{trade_buy},2021Q1_962121,,,,,,,,,,,,,
IWF,2021Q1_962120,罗素1000成长指数ETF-iShares,0,ARCA,-,0,-,0,0,457568538000,6.04,14.99,$276.87,-,0,0.0,3270,795000,0.0,10000.0,3270,0.0,0.0,1,254.31,229.7,243.12,13.88,2021-03-31T04:00:00Z,{1_trade_buy},{trade_buy},2021Q1_962120,,,,,,,,,,,,,
SPY,2021Q1_962078,SPDR标普500ETF,0,ARCA,-,0,-,0,0,2470415269000,4.88,17.04,$434.75,-,0,0.0,55,22000,0.0,10000.0,55,0.0,0.0,1,396.33,367.59,384.57,13.05,2021-03-31T04:00:00Z,{1_trade_buy},{trade_buy},2021Q1_962078,,,,,,,,,,,,,
THLEF,2021Q1_962122,Thales,2020,OTCPK,航空航天和国防,31010,-,航空航天和国防,31010010,142254500000,-4.51,12.67,$101.95,工业,310,0.01,25234,2512000,0.0,10000.0,25234,0.0,0.0,1,100.25,87.76,94.06,8.39,2021-03-31T04:00:00Z,{1_trade_buy},{trade_buy},2021Q1_962122,,,,,,,,,,,,,
SPR,2021Q1_962132,Spirit AeroSystems Holdings Inc,2020,NYSE,航空航天和国防,31010,-,航空航天和国防,31010010,28974417000,-8.97,8.8,$42.51,工业,310,0.04,42063,2046000,0.0,10000.0,42063,0.0,0.0,1,52.01,33.87,42.74,-0.54,2021-03-31T04:00:00Z,{1_trade_buy},{trade_buy},2021Q1_962132,,,,,,,,,,,,,
PLTR,2021Q1_962062,Palantir Technologies Inc,0,NYSE,软件,31110,-,软件基础构架,31110030,260981646000,-7.26,-8.83,$21.47,科技,311,0.99,18632471,433950000,0.86,1314.64,17315349,0.8,0.8,1,39.0,21.73,27.5,-21.93,2021-03-31T04:00:00Z,{2_trade_add},{trade_add} 1314.64 %,2021Q1_962062,,,,,,,,,,,,,
TER,2021Q1_961947,泰瑞达,2014,NAS,半导体,31130,-,半导体仪器和材料,31130010,132364163000,-6.07,2.87,$123.13,科技,311,1.73,2877103,350086000,0.7,1108.63,2639056,0.64,0.64,1,143.64,104.2,125.91,-2.21,2021-03-31T04:00:00Z,{2_trade_add},{trade_add} 1108.63 %,2021Q1_961947,,,,,,,,,,,,,
SRPT,2021Q1_962068,Sarepta Therapeutics Inc,0,NAS,生物科技,20610,-,生物科技,20610010,35264064000,-5.87,-59.9,$68.37,医疗保健,206,2.33,1860293,138648000,0.28,665.83,1617382,0.24,0.24,1,168.95,72.25,92.26,-25.89,2021-03-31T04:00:00Z,{2_trade_add},{trade_add} 665.83 %,2021Q1_962068,,,,,,,,,,,,,
TXG,2021Q1_962020,10x Genomics Inc,0,NAS,医疗机构和服务,20645,-,医疗信息服务,20645030,120719775000,-13.3,20.09,$170.05,医疗保健,206,3.19,3504121,634246000,1.26,556.82,2970625,1.07,1.07,1,196.86,140.25,173.08,-1.75,2021-03-31T04:00:00Z,{2_trade_add},{trade_add} 556.82 %,2021Q1_962020,,,,,,,,,,,,,
ARKG,2021Q1_962118,ARK Genomic Revolution ETF,0,BATS,-,0,-,0,0,55671534000,-8.81,-11.67,$82.38,-,0,0.01,10735,953000,0.0,542.81,9065,0.0,0.0,1,112.47,81.74,99.19,-16.95,2021-03-31T04:00:00Z,{2_trade_add},{trade_add} 542.81 %,2021Q1_962118,,,,,,,,,,,,,
ARKK,2021Q1_962111,ARK Innovation ETF,0,ARCA,-,0,-,0,0,142734482000,-8.07,-6.5,$116.40,-,0,0.01,18101,2171000,0.0,521.17,15187,0.0,0.0,1,156.58,110.26,135.31,-13.98,2021-03-31T04:00:00Z,{2_trade_add},{trade_add} 521.17 %,2021Q1_962111,,,,,,,,,,,,,
MGA,2021Q1_962073,曼格纳国际,2009,NYSE,汽车和配件,10200,-,汽车配件,10200030,170400156000,-8.26,24.68,$87.41,周期性消费,102,0.23,707109,62254000,0.12,502.91,589827,0.1,0.1,1,93.68,69.71,81.12,7.75,2021-03-31T04:00:00Z,{2_trade_add},{trade_add} 502.91 %,2021Q1_962073,,,,,,,,,,,,,
UPS,2021Q1_961958,联合包裹,1999,NYSE,交通运输,31080,-,装卸搬运和其他运输代理,31080060,1198067688000,19.06,27.61,$212.86,工业,310,0.0,28750,4887000,0.01,419.33,23214,0.01,0.01,1,169.99,155.0,161.78,31.57,2021-03-31T04:00:00Z,{2_trade_add},{trade_add} 419.33 %,2021Q1_961958,,,,,,,,,,,,,
MSFT,2021Q1_961907,微软,2003,NAS,软件,31110,-,软件基础构架,31110030,13684871275000,8.51,26.85,$281.03,科技,311,0.0,109170,25739000,0.05,408.0,87680,0.04,0.04,1,244.99,212.25,232.23,21.01,2021-03-31T04:00:00Z,{2_trade_add},{trade_add} 408.00 %,2021Q1_961907,,,,,,,,,,,,,
DASTF,2021Q1_961902,Dassault Systemes SE,2008,OTCPK,软件,31110,-,软件应用,31110020,434109868000,12.61,31.06,$51.50,科技,311,0.05,632470,27110000,0.05,395.49,504825,0.04,0.04,5,46.4,38.55,42.23,21.95,2021-03-31T04:00:00Z,{2_trade_add},{trade_add} 395.49 %,2021Q1_961902,,,,,,,,,,,,,
RDHL,2021Q1_961934,Redhill Biopharma Ltd,0,NAS,医药制造,20620,-,专用医药制造,20620020,1802063000,-19.11,-26.11,$5.97,医疗保健,206,1.66,775698,5678000,0.01,365.19,608949,0.01,0.01,1,11.29,6.98,8.41,-29.01,2021-03-31T04:00:00Z,{2_trade_add},{trade_add} 365.19 %,2021Q1_961934,,,,,,,,,,,,,
PDD,2021Q1_961930,拼多多,0,NAS,零售,10280,-,网络零售,10280050,897342730000,-16.35,-37.67,$110.74,周期性消费,102,0.07,837156,112078000,0.22,358.99,654766,0.17,0.17,1,202.82,124.18,169.27,-34.58,2021-03-31T04:00:00Z,{2_trade_add},{trade_add} 358.99 %,2021Q1_961930,,,,,,,,,,,,,
NUVA,2021Q1_961921,纽瓦索器材,0,NAS,医疗器械,20650,-,医疗设备,20650010,21472075000,-6.74,14.15,$64.30,医疗保健,206,0.16,81321,5331000,0.01,354.94,63446,0.01,0.01,1,68.08,53.26,59.95,7.26,2021-03-31T04:00:00Z,{2_trade_add},{trade_add} 354.94 %,2021Q1_961921,,,,,,,,,,,,,
MDT,2021Q1_961978,美敦力,1978,NYSE,医疗器械,20650,-,医疗设备,20650010,1088480676000,0.11,8.05,$125.36,医疗保健,206,0.0,39796,4701000,0.01,351.25,30977,0.01,0.01,1,119.74,111.18,117.24,6.93,2021-03-31T04:00:00Z,{2_trade_add},{trade_add} 351.25 %,2021Q1_961978,,,,,,,,,,,,,
SYK,2021Q1_961942,史赛克,2009,NYSE,医疗器械,20650,-,医疗设备,20650010,625693790000,0.32,5.42,$257.05,医疗保健,206,0.01,19138,4662000,0.01,350.62,14891,0.01,0.01,1,248.82,221.01,239.94,7.13,2021-03-31T04:00:00Z,{2_trade_add},{trade_add} 350.62 %,2021Q1_961942,,,,,,,,,,,,,
MMM,2021Q1_961952,3M Co,1959,NYSE,工业制品,31070,-,特种工业机械,31070020,758745298000,3.34,17.6,$202.59,工业,310,0.0,3792,731000,0.0,348.76,2947,0.0,0.0,1,195.74,165.2,179.02,13.17,2021-03-31T04:00:00Z,{2_trade_add},{trade_add} 348.76 %,2021Q1_961952,,,,,,,,,,,,,
SMAWF,2021Q1_961904,Siemens AG,2009,OTCPK,工业制品,31070,-,特种工业机械,31070020,796378840000,-8.44,9.86,$153.71,工业,310,0.0,32880,5410000,0.01,346.86,25522,0.01,0.01,1,167.65,143.96,157.65,-2.5,2021-03-31T04:00:00Z,{2_trade_add},{trade_add} 346.86 %,2021Q1_961904,,,,,,,,,,,,,
AME,2021Q1_961852,阿美特克,1994,NYSE,工业制品,31070,-,特种工业机械,31070020,202646033000,2.09,12.56,$135.73,工业,310,0.02,56347,7197000,0.01,346.45,43726,0.01,0.01,1,128.21,111.06,120.72,12.43,2021-03-31T04:00:00Z,{2_trade_add},{trade_add} 346.45 %,2021Q1_961852,,,,,,,,,,,,,
HENOF,2021Q1_961898,Henkel AG & Co KGaA,2013,OTCPK,农副加工食品,20525,-,家庭生活用品,20525030,269378270000,-10.36,-7.53,$101.99,非周期性消费,205,0.0,5962,689000,0.0,342.94,4616,0.0,0.0,1,114.0,97.75,106.36,-4.1,2021-03-31T04:00:00Z,{2_trade_add},{trade_add} 342.94 %,2021Q1_961898,,,,,,,,,,,,,
KDSKF,2021Q1_961965,Koninklijke DSM NV,2019,OTCPK,化工,10130,-,特种化学制品,10130020,218751100000,8.99,11.17,$192.60,基础材料,101,0.0,3625,615000,0.0,330.01,2782,0.0,0.0,1,182.25,166.0,173.63,10.93,2021-03-31T04:00:00Z,{2_trade_add},{trade_add} 330.01 %,2021Q1_961965,,,,,,,,,,,,,
BZQIF,2021Q1_961908,Bezeq The Israeli Telecommunication Corp Ltd,0,OTCPK,通信,30810,-,电信服务,30810010,18432183000,-3.29,6.19,$1.03,通信服务,308,0.21,5896764,6297000,0.01,327.89,4518652,0.01,0.01,1,1.11,0.86,1.01,1.98,2021-03-31T04:00:00Z,{2_trade_add},{trade_add} 327.89 %,2021Q1_961908,,,,,,,,,,,,,
FARO,2021Q1_961872,法如科技,0,NAS,硬件,31120,-,科技仪器,31120060,8654120000,-11.76,4.39,$73.73,科技,311,0.51,91661,7935000,0.02,326.49,70169,0.02,0.02,1,96.1,68.33,82.81,-10.96,2021-03-31T04:00:00Z,{2_trade_add},{trade_add} 326.49 %,2021Q1_961872,,,,,,,,,,,,,
RNSHF,2021Q1_961859,Renishaw PLC,2020,OTCPK,硬件,31120,-,科技仪器,31120060,32041069000,-21.31,-16.21,$69.64,科技,311,0.43,313442,27726000,0.06,325.75,239820,0.05,0.05,1,97.0,79.85,83.14,-16.24,2021-03-31T04:00:00Z,{2_trade_add},{trade_add} 325.75 %,2021Q1_961859,,,,,,,,,,,,,
SAUHF,2021Q1_961929,Straumann Holding AG,0,OTCPK,医疗器械,20650,-,医疗器械和供给,20650020,181165908000,29.13,48.39,$1759.92,医疗保健,206,0.14,21662,27109000,0.05,323.75,16550,0.04,0.04,1,1330.92,1097.03,1203.23,46.27,2021-03-31T04:00:00Z,{2_trade_add},{trade_add} 323.75 %,2021Q1_961929,,,,,,,,,,,,,
BEAM,2021Q1_962053,金宾,0,NAS,生物科技,20610,-,生物科技,20610010,36189190000,15.95,4.79,$85.55,医疗保健,206,7.3,4779104,382519000,0.76,322.32,3647481,0.58,0.58,1,120.75,71.28,95.29,-10.22,2021-03-31T04:00:00Z,{2_trade_add},{trade_add} 322.32 %,2021Q1_962053,,,,,,,,,,,,,
HXGBF,2021Q1_961969,Hexagon AB,2019,OTCPK,硬件,31120,-,科技仪器,31120060,255914502000,11.95,26.58,$15.80,科技,311,0.02,532427,7031000,0.01,320.46,405797,0.01,0.01,7,13.11,12.1,12.75,23.92,2021-03-31T04:00:00Z,{2_trade_add},{trade_add} 320.46 %,2021Q1_961969,,,,,,,,,,,,,
ARKAF,2021Q1_961966,Arkema SA,2020,OTCPK,化工,10130,-,特种化学制品,10130020,61843594000,9.25,18.61,$126.40,基础材料,101,0.01,5435,660000,0.0,320.02,4141,0.0,0.0,1,118.5,109.0,113.51,11.36,2021-03-31T04:00:00Z,{2_trade_add},{trade_add} 320.02 %,2021Q1_961966,,,,,,,,,,,,,
LECO,2021Q1_961903,林肯电气控股,1995,NAS,工业制品,31070,-,工具和配件,31070050,51983947000,10.23,17.13,$135.14,工业,310,0.07,39556,4863000,0.01,316.12,30050,0.01,0.01,1,126.64,113.21,119.44,13.14,2021-03-31T04:00:00Z,{2_trade_add},{trade_add} 316.12 %,2021Q1_961903,,,,,,,,,,,,,
FRIIF,2021Q1_961967,MGI Digital Graphic Technology SA,0,OTCPK,商业服务,31020,-,特种商业服务,31020010,1950829000,0.0,0.0,$49.01,工业,310,6.72,412659,23904000,0.05,313.39,312835,0.04,0.04,1,49.01,49.01,49.01,0.0,2021-03-31T04:00:00Z,{2_trade_add},{trade_add} 313.39 %,2021Q1_961967,,,,,,,,,,,,,
KMDA,2021Q1_962038,Kamada Ltd,0,NAS,医药制造,20620,-,专用医药制造,20620020,1617585000,-9.32,-11.42,$5.74,医疗保健,206,1.94,866366,5288000,0.01,312.88,656533,0.01,0.01,1,8.06,6.02,6.63,-13.42,2021-03-31T04:00:00Z,{2_trade_add},{trade_add} 312.88 %,2021Q1_962038,,,,,,,,,,,,,
WIX,2021Q1_961998,Wix.com Ltd,0,NAS,软件,31110,-,软件基础构架,31110030,101376066000,-5.84,11.21,$277.97,科技,311,0.04,24114,6733000,0.01,312.35,18266,0.01,0.01,1,353.09,241.28,285.7,-2.71,2021-03-31T04:00:00Z,{2_trade_add},{trade_add} 312.35 %,2021Q1_961998,,,,,,,,,,,,,
MGDDF,2021Q1_962030,Cie Generale des Etablissements Michelin SA,2020,OTCPK,汽车和配件,10200,-,汽车配件,10200030,185418431000,11.32,32.39,$163.34,周期性消费,102,0.02,36059,5408000,0.01,307.45,27209,0.01,0.01,1,152.62,125.5,141.17,15.71,2021-03-31T04:00:00Z,{2_trade_add},{trade_add} 307.45 %,2021Q1_962030,,,,,,,,,,,,,
MOG.A,2021Q1_961909,Moog Inc,2020,NYSE,航空航天和国防,31010,-,航空航天和国防,31010010,16470795000,-7.62,0.66,$79.32,工业,310,0.18,58675,4879000,0.01,302.27,44089,0.01,0.01,1,86.65,71.53,79.99,-0.84,2021-03-31T04:00:00Z,{2_trade_add},{trade_add} 302.27 %,2021Q1_961909,,,,,,,,,,,,,
PYPD,2021Q1_962042,PolyPid Ltd,0,NAS,生物科技,20610,-,生物科技,20610010,903463000,-24.75,-24.75,$7.45,医疗保健,206,3.08,577747,5292000,0.01,301.97,434019,0.01,0.01,1,15.5,8.92,10.93,-31.84,2021-03-31T04:00:00Z,{2_trade_add},{trade_add} 301.97 %,2021Q1_962042,,,,,,,,,,,,,
URGN,2021Q1_961997,UroGen Pharma Ltd,0,NAS,生物科技,20610,-,生物科技,20610010,2218675000,-15.2,-14.54,$15.40,医疗保健,206,1.31,291870,5686000,0.01,295.65,218101,0.01,0.01,1,26.96,17.99,21.32,-27.77,2021-03-31T04:00:00Z,{2_trade_add},{trade_add} 295.65 %,2021Q1_961997,,,,,,,,,,,,,
KAKZF,2021Q1_962071,Kaspi.kz JSC,0,GREY,软件,31110,-,软件基础构架,31110030,124136223000,40.76,88.48,$99.90,科技,311,0.08,151780,10776000,0.02,293.74,113232,0.01,0.01,1,79.9,54.1,69.14,44.49,2021-03-31T04:00:00Z,{2_trade_add},{trade_add} 293.74 %,2021Q1_962071,,,,,,,,,,,,,
XRX,2021Q1_961963,施乐,2017,NYSE,软件,31110,-,软件和信息技术服务,31110010,28920386000,-4.73,2.72,$23.32,科技,311,0.01,28303,687000,0.0,293.1,21103,0.0,0.0,1,26.91,20.75,23.9,-2.43,2021-03-31T04:00:00Z,{2_trade_add},{trade_add} 293.10 %,2021Q1_961963,,,,,,,,,,,,,
AUDC,2021Q1_961983,奥科,2018,NAS,硬件,31120,-,通讯设备,31120010,6884913000,2.93,16.81,$32.02,科技,311,0.58,189795,5121000,0.01,279.03,139721,0.01,0.01,1,33.68,26.71,29.71,7.78,2021-03-31T04:00:00Z,{2_trade_add},{trade_add} 279.03 %,2021Q1_961983,,,,,,,,,,,,,
OERLF,2021Q1_961888,"OC Oerlikon Corp AG, Pfaffikon",2020,GREY,工业制品,31070,-,特种工业机械,31070020,23534246000,-4.62,25.08,$11.16,工业,310,0.14,462333,5364000,0.01,278.67,340240,0.01,0.01,1,11.7,9.23,10.16,9.84,2021-03-31T04:00:00Z,{2_trade_add},{trade_add} 278.67 %,2021Q1_961888,,,,,,,,,,,,,
ALTR,2021Q1_961850,艾特拉,0,NAS,软件,31110,-,软件基础构架,31110030,32187576000,7.65,13.96,$66.30,科技,311,0.51,386786,24201000,0.05,276.46,284042,0.04,0.04,1,67.34,55.52,61.21,8.32,2021-03-31T04:00:00Z,{2_trade_add},{trade_add} 276.46 %,2021Q1_961850,,,,,,,,,,,,,
ARNC,2021Q1_962017,Arconic Corp,0,NYSE,工业制品,31070,-,特种工业机械,31070020,23668677000,21.2,11.64,$33.27,工业,310,0.14,156152,3965000,0.01,275.2,114534,0.01,0.01,1,31.05,21.92,26.82,24.05,2021-03-31T04:00:00Z,{2_trade_add},{trade_add} 275.20 %,2021Q1_962017,,,,,,,,,,,,,
BTAVF,2021Q1_962039,BATM Advanced Communications Ltd,0,OTCPK,医疗器械,20650,-,医疗器械和供给,20650020,3452216000,1.63,4.11,$1.28,医疗保健,206,0.95,4174208,5526000,0.01,275.05,3061237,0.01,0.01,1,1.6,1.2,1.35,-5.15,2021-03-31T04:00:00Z,{2_trade_add},{trade_add} 275.05 %,2021Q1_962039,,,,,,,,,,,,,
AJRD,2021Q1_961844,Aerojet Rocketdyne Holdings Inc,0,NYSE,航空航天和国防,31010,-,航空航天和国防,31010010,24760881000,-0.99,-0.06,$47.82,工业,310,0.11,90029,4228000,0.01,274.43,65985,0.01,0.01,1,53.13,46.54,50.87,-6.0,2021-03-31T04:00:00Z,{2_trade_add},{trade_add} 274.43 %,2021Q1_961844,,,,,,,,,,,,,
EVKIF,2021Q1_961971,Evonik Industries AG,2014,OTCPK,化工,10130,-,特种化学制品,10130020,104023495000,-1.32,11.41,$34.42,基础材料,101,0.0,19793,702000,0.0,270.86,14456,0.0,0.0,1,36.1,32.0,33.86,1.67,2021-03-31T04:00:00Z,{2_trade_add},{trade_add} 270.86 %,2021Q1_961971,,,,,,,,,,,,,
CHKP,2021Q1_961986,CheckPoint软件科技,0,NAS,软件,31110,-,软件基础构架,31110030,105900605000,4.11,-7.2,$123.34,科技,311,0.04,47974,5372000,0.01,266.41,34881,0.01,0.01,1,134.1,110.24,120.48,2.37,2021-03-31T04:00:00Z,{2_trade_add},{trade_add} 266.41 %,2021Q1_961986,,,,,,,,,,,,,
BDGXF,2021Q1_961899,Bertrandt AG,2020,GREY,汽车和配件,10200,-,汽车配件,10200030,4329830000,0.0,0.4,$45.14,周期性消费,102,0.89,90559,4900000,0.01,259.98,65402,0.01,0.01,1,45.14,45.14,45.14,-0.01,2021-03-31T04:00:00Z,{2_trade_add},{trade_add} 259.98 %,2021Q1_961899,,,,,,,,,,,,,
EMN,2021Q1_961868,伊士曼,1998,NYSE,化工,10130,-,化学制品,10130010,99430516000,-0.94,13.95,$112.89,基础材料,101,0.0,5978,658000,0.0,257.32,4305,0.0,0.0,1,118.02,98.35,108.6,3.95,2021-03-31T04:00:00Z,{2_trade_add},{trade_add} 257.32 %,2021Q1_961868,,,,,,,,,,,,,
PTC,2021Q1_961924,PTC Inc,0,NAS,软件,31110,-,软件应用,31110020,106664696000,-4.25,18.12,$141.28,科技,311,0.16,189081,26027000,0.05,251.43,135277,0.04,0.04,1,146.73,118.18,133.28,6.0,2021-03-31T04:00:00Z,{2_trade_add},{trade_add} 251.43 %,2021Q1_961924,,,,,,,,,,,,,
HPQ,2021Q1_961879,惠普,2016,NYSE,硬件,31120,-,计算机硬件,31120020,218244826000,-15.84,15.85,$28.10,科技,311,0.08,985456,31288000,0.06,249.72,703668,0.04,0.04,1,31.75,24.11,27.6,1.81,2021-03-31T04:00:00Z,{2_trade_add},{trade_add} 249.72 %,2021Q1_961879,,,,,,,,,,,,,
BLI,2021Q1_962034,Berkeley Lights Inc,0,NAS,生物科技,20610,-,生物科技,20610010,18407968000,-12.98,-52.24,$42.70,医疗保健,206,7.67,5115992,256976000,0.51,249.33,3651475,0.36,0.36,1,89.26,44.33,68.37,-37.55,2021-03-31T04:00:00Z,{2_trade_add},{trade_add} 249.33 %,2021Q1_962034,,,,,,,,,,,,,
HLTEF,2021Q1_961911,Hilan Ltd,2019,OTCPK,软件,31110,-,软件应用,31110020,7456954000,2.0,11.41,$51.00,科技,311,0.59,133407,6311000,0.01,248.27,95101,0.01,0.01,1,46.05,46.05,46.05,10.75,2021-03-31T04:00:00Z,{2_trade_add},{trade_add} 248.27 %,2021Q1_961911,,,,,,,,,,,,,
U,2021Q1_962052,Unity Software Inc,0,NYSE,软件,31110,-,软件应用,31110020,174661728000,-5.07,-36.96,$96.75,科技,311,2.9,8096637,812174000,1.61,240.0,5715289,1.14,1.14,1,155.86,90.88,123.21,-21.48,2021-03-31T04:00:00Z,{2_trade_add},{trade_add} 240.00 %,2021Q1_962052,,,,,,,,,,,,,
NVSEF,2021Q1_962054,诺华,2020,OTCPK,医药制造,20620,-,通用医药制造,20620010,1329995462000,6.51,2.58,$93.01,医疗保健,206,0.32,7219265,618936000,1.23,238.94,5089320,0.87,0.87,1,97.3,82.12,89.35,4.1,2021-03-31T04:00:00Z,{2_trade_add},{trade_add} 238.94 %,2021Q1_962054,,,,,,,,,,,,,
VLPNF,2021Q1_962031,voestalpine AG,2021,OTCPK,钢铁和焦煤,10160,-,钢铁,10160020,48290408000,-1.08,19.55,$42.45,基础材料,101,0.01,17367,721000,0.0,238.8,12241,0.0,0.0,1,41.59,36.14,39.0,8.85,2021-03-31T04:00:00Z,{2_trade_add},{trade_add} 238.80 %,2021Q1_962031,,,,,,,,,,,,,
SDVKF,2021Q1_961968,Sandvik AB,0,OTCPK,工业制品,31070,-,特种工业机械,31070020,213678203000,-2.14,12.32,$26.44,工业,310,0.0,24871,681000,0.0,236.0,17469,0.0,0.0,1,28.57,24.23,26.59,-0.56,2021-03-31T04:00:00Z,{2_trade_add},{trade_add} 236.00 %,2021Q1_961968,,,,,,,,,,,,,
SPNS,2021Q1_961979,Sapiens International Corp NV,2020,NAS,软件,31110,-,软件应用,31110020,8923143000,-23.44,-16.33,$25.24,科技,311,0.33,182947,5816000,0.01,233.94,128163,0.01,0.01,1,34.61,30.18,32.47,-22.27,2021-03-31T04:00:00Z,{2_trade_add},{trade_add} 233.94 %,2021Q1_961979,,,,,,,,,,,,,
HXL,2021Q1_961880,赫氏,2020,NYSE,航空航天和国防,31010,-,航空航天和国防,31010010,30916350000,1.64,17.71,$57.08,工业,310,0.02,13307,745000,0.0,233.84,9321,0.0,0.0,1,64.16,43.66,52.69,8.33,2021-03-31T04:00:00Z,{2_trade_add},{trade_add} 233.84 %,2021Q1_961880,,,,,,,,,,,,,
TRYIF,2021Q1_961923,Toray Industries Inc,2021,OTCPK,服饰加工,10240,-,纺织加工,10240010,65315750000,2.53,6.92,$6.49,周期性消费,102,0.01,94508,609000,0.0,229.2,65800,0.0,0.0,1,7.09,5.82,6.57,-1.22,2021-03-31T04:00:00Z,{2_trade_add},{trade_add} 229.20 %,2021Q1_961923,,,,,,,,,,,,,
DD,2021Q1_961867,杜邦,2020,NYSE,化工,10130,-,特种化学制品,10130020,273697135000,3.57,12.71,$79.55,基础材料,101,0.0,7808,603000,0.0,221.71,5381,0.0,0.0,1,86.36,68.69,76.28,4.29,2021-03-31T04:00:00Z,{2_trade_add},{trade_add} 221.71 %,2021Q1_961867,,,,,,,,,,,,,
RDWR,2021Q1_961993,Radware Ltd,0,NAS,软件,31110,-,软件基础构架,31110030,8952897000,6.37,9.59,$30.41,科技,311,0.48,218772,5706000,0.01,220.72,150559,0.01,0.01,1,30.13,25.15,27.35,11.19,2021-03-31T04:00:00Z,{2_trade_add},{trade_add} 220.72 %,2021Q1_961993,,,,,,,,,,,,,
NICE,2021Q1_961918,耐斯系统,0,NAS,软件,31110,-,软件应用,31110020,104153652000,7.19,-10.24,$254.50,科技,311,0.04,22504,4905000,0.01,217.67,15420,0.01,0.01,1,279.38,216.32,250.78,1.48,2021-03-31T04:00:00Z,{2_trade_add},{trade_add} 217.67 %,2021Q1_961918,,,,,,,,,,,,,
ZM,2021Q1_962064,Zoom视频通讯,0,NAS,软件,31110,-,软件应用,31110020,679251607000,7.35,5.78,$356.81,科技,311,1.02,3002347,964624000,1.92,214.36,2047276,1.31,1.31,1,444.51,308.39,369.11,-3.33,2021-03-31T04:00:00Z,{2_trade_add},{trade_add} 214.36 %,2021Q1_962064,,,,,,,,,,,,,
CELJF,2021Q1_961970,以色列塞康,0,OTCPK,通信,30810,-,电信服务,30810010,3910504000,2.92,-23.71,$3.70,通信服务,308,0.82,1332925,4983000,0.01,211.91,905580,0.01,0.01,1,5.46,3.56,4.05,-8.64,2021-03-31T04:00:00Z,{2_trade_add},{trade_add} 211.91 %,2021Q1_961970,,,,,,,,,,,,,
KALU,2021Q1_961895,凯撒铝业,2007,NAS,金属与开采,10150,-,铝,10150010,11925599000,2.89,19.22,$116.47,基础材料,101,0.29,46030,5086000,0.01,207.48,31060,0.01,0.01,1,125.7,86.7,108.36,7.48,2021-03-31T04:00:00Z,{2_trade_add},{trade_add} 207.48 %,2021Q1_961895,,,,,,,,,,,,,
SI,2021Q1_962006,西门子,0,NYSE,银行,10320,-,区域性银行,10320020,15620591000,-33.99,23.56,$91.82,金融服务,103,7.37,1939369,275720000,0.55,207.45,1308580,0.37,0.37,1,176.27,66.05,119.33,-23.05,2021-03-31T04:00:00Z,{2_trade_add},{trade_add} 207.45 %,2021Q1_962006,,,,,,,,,,,,,
GE,2021Q1_961874,通用电气,2019,NYSE,工业制品,31070,-,特种工业机械,31070020,724236180000,-5.76,18.33,$12.76,工业,310,0.0,417583,5483000,0.01,207.21,281655,0.01,0.01,1,14.17,10.47,12.14,5.11,2021-03-31T04:00:00Z,{2_trade_add},{trade_add} 207.21 %,2021Q1_961874,,,,,,,,,,,,,
UCTT,2021Q1_961957,超科林半导体,0,NAS,半导体,31130,-,半导体仪器和材料,31130010,13854427000,-11.74,55.22,$48.35,科技,311,0.27,119648,6944000,0.01,205.07,80428,0.01,0.01,1,58.04,33.82,46.09,4.9,2021-03-31T04:00:00Z,{2_trade_add},{trade_add} 205.07 %,2021Q1_961957,,,,,,,,,,,,,
YHEKF,2021Q1_962032,移卡,0,OTCPK,软件,31110,-,软件基础构架,31110030,16872691000,-24.24,17.94,$5.72,科技,311,2.81,12712000,87478000,0.17,201.92,8501600,0.11,0.11,1,15.28,4.85,9.65,-40.73,2021-03-31T04:00:00Z,{2_trade_add},{trade_add} 201.92 %,2021Q1_962032,,,,,,,,,,,,,
ALGN,2021Q1_961847,阿莱技术公司,0,NAS,医疗器械,20650,-,医疗设备,20650010,318097587000,2.55,16.34,$621.70,医疗保健,206,0.02,12215,6615000,0.01,200.42,8149,0.01,0.01,1,620.45,496.07,553.71,12.28,2021-03-31T04:00:00Z,{2_trade_add},{trade_add} 200.42 %,2021Q1_961847,,,,,,,,,,,,,
SILC,2021Q1_962043,矽晶电信,0,NAS,硬件,31120,-,通讯设备,31120010,1829593000,-9.46,-1.67,$41.15,科技,311,2.0,137871,6221000,0.01,193.78,90941,0.01,0.01,1,54.92,41.5,46.77,-12.02,2021-03-31T04:00:00Z,{2_trade_add},{trade_add} 193.78 %,2021Q1_962043,,,,,,,,,,,,,
OPEN,2021Q1_962069,Opendoor Technologies Inc,0,NAS,房地产,10410,-,房地产服务,10410020,55876905000,-24.25,-34.18,$14.96,房地产,104,2.02,11641318,246680000,0.49,190.94,7640092,0.32,0.32,1,35.88,20.06,27.4,-45.4,2021-03-31T04:00:00Z,{2_trade_add},{trade_add} 190.94 %,2021Q1_962069,,,,,,,,,,,,,
RAVN,2021Q1_962063,Raven Industries Inc,2021,NAS,工业制品,31070,-,特种工业机械,31070020,13262400000,43.93,72.59,$57.11,工业,310,3.91,1405340,53867000,0.11,184.63,911597,0.07,0.07,1,42.46,31.8,37.34,52.95,2021-03-31T04:00:00Z,{2_trade_add},{trade_add} 184.63 %,2021Q1_962063,,,,,,,,,,,,,
JD,2021Q1_961893,京东集团,0,NAS,零售,10280,-,网络零售,10280050,774722131000,-0.81,-12.56,$76.86,周期性消费,102,0.3,4651745,392282000,0.78,184.03,3013962,0.51,0.51,1,106.88,78.71,91.81,-16.28,2021-03-31T04:00:00Z,{2_trade_add},{trade_add} 184.03 %,2021Q1_961893,,,,,,,,,,,,,
CAMT,2021Q1_961984,康特科技,0,NAS,半导体,31130,-,半导体仪器和材料,31130010,9817794000,8.16,58.56,$34.74,科技,311,0.59,257883,7711000,0.02,182.04,166449,0.01,0.01,1,31.8,21.5,26.84,29.43,2021-03-31T04:00:00Z,{2_trade_add},{trade_add} 182.04 %,2021Q1_961984,,,,,,,,,,,,,
TARO,2021Q1_961995,Taro Pharmaceutical Industries Ltd,0,NYSE,医药制造,20620,-,专用医药制造,20620020,16417563000,-10.01,-8.74,$67.00,医疗保健,206,0.21,78627,5799000,0.01,180.6,50606,0.01,0.01,1,79.95,70.48,75.97,-11.81,2021-03-31T04:00:00Z,{2_trade_add},{trade_add} 180.60 %,2021Q1_961995,,,,,,,,,,,,,
TEVA,2021Q1_961949,梯瓦制药,0,NYSE,医药制造,20620,-,专用医药制造,20620020,63750077000,-19.02,-9.12,$8.77,医疗保健,206,0.05,499844,5768000,0.01,178.0,320042,0.01,0.01,1,12.81,10.34,11.46,-23.47,2021-03-31T04:00:00Z,{2_trade_add},{trade_add} 178.00 %,2021Q1_961949,,,,,,,,,,,,,
VEEV,2021Q1_962075,Veeva Systems Inc,0,NYSE,医疗机构和服务,20645,-,医疗信息服务,20645030,309383952000,13.45,14.94,$312.92,医疗保健,206,0.55,838508,219052000,0.44,177.07,535879,0.28,0.28,1,318.09,241.17,279.23,12.07,2021-03-31T04:00:00Z,{2_trade_add},{trade_add} 177.07 %,2021Q1_962075,,,,,,,,,,,,,
REGN,2021Q1_962055,再生元制药,0,NAS,生物科技,20610,-,生物科技,20610010,405669930000,19.14,21.98,$589.32,医疗保健,206,1.14,1218970,576743000,1.15,169.79,767152,0.72,0.72,1,548.2,446.73,486.85,21.05,2021-03-31T04:00:00Z,{2_trade_add},{trade_add} 169.79 %,2021Q1_962055,,,,,,,,,,,,,
SGLFF,2021Q1_961894,SGL Carbon SE,0,OTCPK,化工,10130,-,化学制品,10130010,8698945000,44.86,146.03,$10.85,基础材料,101,0.09,112500,788000,0.0,168.66,70625,0.0,0.0,1,8.8,4.64,7.61,42.58,2021-03-31T04:00:00Z,{2_trade_add},{trade_add} 168.66 %,2021Q1_961894,,,,,,,,,,,,,
ITRN,2021Q1_961991,Ituran Location and Control Ltd,2020,NAS,硬件,31120,-,通讯设备,31120010,3294238000,14.03,31.76,$24.48,科技,311,1.53,318892,6770000,0.01,167.54,199698,0.01,0.01,1,23.59,18.47,20.91,17.07,2021-03-31T04:00:00Z,{2_trade_add},{trade_add} 167.54 %,2021Q1_961991,,,,,,,,,,,,,
ALLT,2021Q1_961982,艾奥特通讯,0,NAS,软件,31110,-,软件基础构架,31110030,4237930000,8.71,74.9,$18.40,科技,311,1.21,431153,6886000,0.01,161.9,266528,0.01,0.01,1,17.08,10.38,14.58,26.2,2021-03-31T04:00:00Z,{2_trade_add},{trade_add} 161.90 %,2021Q1_961982,,,,,,,,,,,,,
DDD,2021Q1_961951,3D系统,0,NYSE,硬件,31120,-,计算机硬件,31120020,22048054000,29.67,160.21,$27.27,科技,311,1.71,2143547,58819000,0.12,161.8,1324775,0.07,0.07,1,55.35,10.47,33.29,-18.08,2021-03-31T04:00:00Z,{2_trade_add},{trade_add} 161.80 %,2021Q1_961951,,,,,,,,,,,,,
NVMI,2021Q1_961992,Nova Measuring Instruments Ltd,0,NAS,半导体,31130,-,半导体仪器和材料,31130010,17138695000,-1.56,32.86,$93.80,科技,311,0.27,75210,6845000,0.01,160.13,46297,0.01,0.01,1,91.01,69.63,80.76,16.15,2021-03-31T04:00:00Z,{2_trade_add},{trade_add} 160.13 %,2021Q1_961992,,,,,,,,,,,,,
TRMB,2021Q1_961953,天宝导航,0,NAS,硬件,31120,-,科技仪器,31120060,131334474000,-1.35,21.22,$80.94,科技,311,1.12,2810249,218609000,0.43,150.93,1690309,0.26,0.26,1,77.79,65.91,72.25,12.03,2021-03-31T04:00:00Z,{2_trade_add},{trade_add} 150.93 %,2021Q1_961953,,,,,,,,,,,,,
SLGRF,2021Q1_961974,SLM Solutions Group AG,0,GREY,工业制品,31070,-,特种工业机械,31070020,2602507000,-12.5,-2.53,$19.25,工业,310,5.38,1064114,22106000,0.04,150.79,639816,0.02,0.02,1,29.0,18.5,22.69,-15.16,2021-03-31T04:00:00Z,{2_trade_add},{trade_add} 150.79 %,2021Q1_961974,,,,,,,,,,,,,
CYBR,2021Q1_961988,CyberArk Software Ltd,0,NAS,软件,31110,-,软件基础构架,31110030,34388987000,-8.55,-17.15,$133.87,科技,311,0.09,37011,4787000,0.01,148.1,22093,0.01,0.01,1,167.52,127.26,151.66,-11.73,2021-03-31T04:00:00Z,{2_trade_add},{trade_add} 148.10 %,2021Q1_961988,,,,,,,,,,,,,
INMD,2021Q1_962004,InMode Ltd,0,NAS,医疗器械,20650,-,医疗设备,20650010,25304669000,17.31,115.84,$102.48,医疗保健,206,0.27,101962,7379000,0.01,146.86,60659,0.01,0.01,1,76.61,46.34,64.92,57.86,2021-03-31T04:00:00Z,{2_trade_add},{trade_add} 146.86 %,2021Q1_962004,,,,,,,,,,,,,
MASS,2021Q1_962072,908 Devices Inc,0,NAS,医疗器械,20650,-,医疗设备,20650010,5610767000,-39.63,-44.14,$31.81,医疗保健,206,3.93,1072866,52034000,0.1,145.37,635618,0.06,0.06,1,75.0,39.94,57.4,-44.58,2021-03-31T04:00:00Z,{2_trade_add},{trade_add} 145.37 %,2021Q1_962072,,,,,,,,,,,,,
ZZHGF,2021Q1_961975,众安在线,0,OTCPK,保险,10340,-,财产保险,10340020,60935210000,-20.03,5.86,$5.35,金融服务,103,1.29,18941138,114265000,0.23,145.07,11212393,0.14,0.14,1,6.7,4.8,5.53,-3.25,2021-03-31T04:00:00Z,{2_trade_add},{trade_add} 145.07 %,2021Q1_961975,,,,,,,,,,,,,
ESLT,2021Q1_961914,埃尔比特系统,2020,NAS,航空航天和国防,31010,-,航空航天和国防,31010010,36291645000,-10.29,-1.64,$127.78,工业,310,0.78,344279,49232000,0.1,141.86,201934,0.06,0.06,1,144.35,127.06,136.96,-6.7,2021-03-31T04:00:00Z,{2_trade_add},{trade_add} 141.86 %,2021Q1_961914,,,,,,,,,,,,,
DCYHF,2021Q1_962003,Discovery Ltd,2017,OTCPK,保险,10340,-,人身保险,10340010,34776578000,11.04,11.04,$9.05,金融服务,103,0.83,5438981,48849000,0.1,137.96,3153297,0.06,0.06,1,8.15,8.15,8.15,11.04,2021-03-31T04:00:00Z,{2_trade_add},{trade_add} 137.96 %,2021Q1_962003,,,,,,,,,,,,,
FVRR,2021Q1_961990,Fiverr International Ltd,0,NYSE,交互式媒体,30830,-,互联网和相关服务,30830010,48617336000,-8.07,7.53,$209.79,通信服务,308,0.07,24713,5367000,0.01,137.49,14307,0.01,0.01,1,323.1,192.77,246.34,-14.84,2021-03-31T04:00:00Z,{2_trade_add},{trade_add} 137.49 %,2021Q1_961990,,,,,,,,,,,,,
KTOS,2021Q1_961897,克瑞拓斯安全防卫,0,NAS,航空航天和国防,31010,-,航空航天和国防,31010010,20905516000,-7.21,-4.78,$26.12,工业,310,4.23,5241941,143000000,0.28,134.69,3008406,0.16,0.16,1,33.24,23.16,28.11,-7.08,2021-03-31T04:00:00Z,{2_trade_add},{trade_add} 134.69 %,2021Q1_961897,,,,,,,,,,,,,
ONSTF,2021Q1_961926,One Software Technologies Ltd,0,OTCPK,软件,31110,-,软件应用,31110020,6836842000,0.0,0.0,$0.00,科技,311,0.68,486150,6327000,0.01,134.44,278780,0.01,0.01,10,0.0,0.0,0.0,0.0,2021-03-31T04:00:00Z,{2_trade_add},{trade_add} 134.44 %,2021Q1_961926,,,,,,,,,,,,,
CRS,2021Q1_961861,卡朋特科技,2004,NYSE,工业制品,31070,-,金属加工,31070030,11891950000,-7.78,32.97,$38.32,工业,310,0.04,18218,750000,0.0,133.44,10414,0.0,0.0,1,47.54,28.09,37.95,0.97,2021-03-31T04:00:00Z,{2_trade_add},{trade_add} 133.44 %,2021Q1_961861,,,,,,,,,,,,,
TSEM,2021Q1_961996,Tower Semiconductor Ltd,0,NAS,半导体,31130,-,半导体,31130020,18943184000,-10.82,3.45,$26.71,科技,311,0.18,196917,5522000,0.01,132.55,112240,0.01,0.01,1,33.2,26.0,29.53,-9.55,2021-03-31T04:00:00Z,{2_trade_add},{trade_add} 132.55 %,2021Q1_961996,,,,,,,,,,,,,
RADA,2021Q1_962014,Rada Electronics Industries Ltd,0,NAS,航空航天和国防,31010,-,航空航天和国防,31010010,3930021000,-1.98,26.67,$12.35,工业,310,1.18,579065,6955000,0.01,131.34,328753,0.01,0.01,1,14.44,9.38,11.73,5.29,2021-03-31T04:00:00Z,{2_trade_add},{trade_add} 131.34 %,2021Q1_962014,,,,,,,,,,,,,
ATI,2021Q1_961848,阿利根尼,0,NYSE,工业制品,31070,-,金属加工,31070030,17258793000,-5.28,25.22,$21.00,工业,310,0.03,35406,746000,0.0,129.48,19977,0.0,0.0,1,22.23,15.98,19.54,7.47,2021-03-31T04:00:00Z,{2_trade_add},{trade_add} 129.48 %,2021Q1_961848,,,,,,,,,,,,,
PTON,2021Q1_962074,Peloton Interactive Inc,0,NAS,旅游和娱乐,10290,-,娱乐,10290020,214290355000,-7.26,-26.71,$111.19,周期性消费,102,0.34,1011477,113730000,0.23,129.27,570298,0.13,0.13,1,167.42,101.35,133.02,-16.41,2021-03-31T04:00:00Z,{2_trade_add},{trade_add} 129.27 %,2021Q1_962074,,,,,,,,,,,,,
KMTUY,2021Q1_961896,Komatsu Ltd,2021,OTCPK,农用和重型工程机械,31050,-,农用和重型工程机械,31050010,151728070000,-20.38,-9.09,$24.83,工业,310,0.36,3412965,106587000,0.21,128.82,1921440,0.12,0.12,1,31.83,27.41,29.97,-17.15,2021-03-31T04:00:00Z,{2_trade_add},{trade_add} 128.82 %,2021Q1_961896,,,,,,,,,,,,,
TTD,2021Q1_961950,The Trade Desk Inc,0,NAS,软件,31110,-,软件应用,31110020,221291671000,-2.05,-10.12,$71.99,科技,311,0.39,1860490,121241000,0.24,128.05,1044660,0.13,0.13,10,90.34,61.26,77.43,-7.03,2021-03-31T04:00:00Z,{2_trade_add},{trade_add} 128.05 %,2021Q1_961950,,,,,,,,,,,,,
YAHOF,2021Q1_962008,Z Holdings Corp,2021,OTCPK,零售,10280,-,网络零售,10280050,262309285000,8.79,-10.04,$5.32,周期性消费,102,0.19,14293530,71151000,0.14,127.89,8021523,0.08,0.08,1,6.86,4.89,6.11,-12.93,2021-03-31T04:00:00Z,{2_trade_add},{trade_add} 127.89 %,2021Q1_962008,,,,,,,,,,,,,
BIDU,2021Q1_961858,百度集团,0,NAS,交互式媒体,30830,-,互联网和相关服务,30830010,416819279000,-11.75,-14.21,$185.52,通信服务,308,1.48,5127543,1115497000,2.22,126.8,2866767,1.24,1.24,1,339.91,203.97,261.9,-29.16,2021-03-31T04:00:00Z,{2_trade_add},{trade_add} 126.80 %,2021Q1_961858,,,,,,,,,,,,,
FATLF,2021Q1_961972,Fattal Holdings (1998) Ltd,0,OTCPK,旅游和娱乐,10290,-,寄宿,10290030,9458920000,0.0,0.0,$24.75,周期性消费,102,0.37,56905,6150000,0.01,126.34,31764,0.01,0.01,1,24.75,24.75,24.75,0.0,2021-03-31T04:00:00Z,{2_trade_add},{trade_add} 126.34 %,2021Q1_961972,,,,,,,,,,,,,
FATE,2021Q1_961873,Fate Therapeutics Inc,0,NAS,生物科技,20610,-,生物科技,20610010,46632712000,-9.12,-15.65,$76.70,医疗保健,206,6.97,6554546,540422000,1.07,125.89,3652846,0.6,0.6,1,117.4,72.16,95.92,-20.04,2021-03-31T04:00:00Z,{2_trade_add},{trade_add} 125.89 %,2021Q1_961873,,,,,,,,,,,,,
ADPT,2021Q1_962019,Adaptive Biotechnologies Corp,0,NAS,生物科技,20610,-,生物科技,20610010,31960018000,-18.13,-40.42,$35.23,医疗保健,206,2.48,3473910,139860000,0.28,124.75,1928207,0.16,0.16,1,67.74,37.26,54.33,-35.16,2021-03-31T04:00:00Z,{2_trade_add},{trade_add} 124.75 %,2021Q1_962019,,,,,,,,,,,,,
ACCD,2021Q1_962033,Accolade Inc,0,NAS,医疗机构和服务,20645,-,医疗信息服务,20645030,20172379000,-0.25,8.55,$47.22,医疗保健,206,8.03,5306902,240774000,0.48,124.08,2938598,0.27,0.27,1,59.09,38.1,48.21,-2.05,2021-03-31T04:00:00Z,{2_trade_add},{trade_add} 124.08 %,2021Q1_962033,,,,,,,,,,,,,
INTU,2021Q1_961886,财捷,2014,NAS,软件,31110,-,软件应用,31110020,888979797000,20.64,32.93,$503.17,科技,311,0.07,199680,76489000,0.15,123.52,110347,0.08,0.08,1,422.26,361.0,385.52,30.52,2021-03-31T04:00:00Z,{2_trade_add},{trade_add} 123.52 %,2021Q1_961886,,,,,,,,,,,,,
SHOP,2021Q1_961938,Shopify Inc,0,NYSE,软件,31110,-,软件应用,31110020,1165797384000,19.3,27.35,$1441.50,科技,311,0.86,1073523,1187853000,2.36,123.14,592422,1.3,1.3,1,1474.0,1039.91,1212.21,18.92,2021-03-31T04:00:00Z,{2_trade_add},{trade_add} 123.14 %,2021Q1_961938,,,,,,,,,,,,,
NVDA,2021Q1_961920,英伟达,2013,NAS,半导体,31130,-,半导体,31130020,3053675916000,17.56,45.34,$758.65,科技,311,0.07,405115,216303000,0.43,121.85,222509,0.24,0.24,1,613.21,463.73,538.61,40.85,2021-03-31T04:00:00Z,{2_trade_add},{trade_add} 121.85 %,2021Q1_961920,,,,,,,,,,,,,
ANSS,2021Q1_961853,安西斯,0,NAS,软件,31110,-,软件应用,31110020,198462827000,-5.98,-3.19,$352.21,科技,311,0.19,169452,57539000,0.11,119.31,92187,0.06,0.06,1,403.6,293.55,356.0,-1.06,2021-03-31T04:00:00Z,{2_trade_add},{trade_add} 119.31 %,2021Q1_961853,,,,,,,,,,,,,
TAK,2021Q1_962047,Takeda Pharmaceutical Co Ltd,2020,NYSE,医药制造,20620,-,专用医药制造,20620020,346940883000,-1.05,-4.25,$17.02,医疗保健,206,0.59,18717144,341775000,0.68,117.18,10098979,0.37,0.37,1,19.9,16.71,17.99,-5.39,2021-03-31T04:00:00Z,{2_trade_add},{trade_add} 117.18 %,2021Q1_962047,,,,,,,,,,,,,
WKHS,2021Q1_962028,Workhorse Group Inc,0,NAS,汽车和配件,10200,-,汽车制造,10200020,9308260000,0.26,-40.95,$11.68,周期性消费,102,3.24,3999408,55072000,0.11,116.39,2151192,0.06,0.06,1,41.34,12.93,24.14,-51.62,2021-03-31T04:00:00Z,{2_trade_add},{trade_add} 116.39 %,2021Q1_962028,,,,,,,,,,,,,
IONS,2021Q1_961890,Ionis Pharmaceuticals Inc,0,NAS,生物科技,20610,-,生物科技,20610010,32509521000,-13.06,-36.91,$35.67,医疗保健,206,3.65,5142271,231197000,0.46,114.3,2742717,0.25,0.25,1,63.78,42.51,55.79,-36.06,2021-03-31T04:00:00Z,{2_trade_add},{trade_add} 114.30 %,2021Q1_961890,,,,,,,,,,,,,
RPTX,2021Q1_962056,Repare Therapeutics Inc,0,NAS,生物科技,20610,-,生物科技,20610010,7004602000,-14.01,-14.64,$29.28,医疗保健,206,3.67,1358589,41695000,0.08,113.82,723196,0.04,0.04,1,44.46,25.89,33.98,-13.83,2021-03-31T04:00:00Z,{2_trade_add},{trade_add} 113.82 %,2021Q1_962056,,,,,,,,,,,,,
VRTX,2021Q1_962035,福泰制药,0,NAS,生物科技,20610,-,生物科技,20610010,334889937000,-9.5,-15.34,$200.09,医疗保健,206,0.66,1719046,369406000,0.73,110.62,902852,0.38,0.38,1,241.31,207.02,219.56,-8.87,2021-03-31T04:00:00Z,{2_trade_add},{trade_add} 110.62 %,2021Q1_962035,,,,,,,,,,,,,
NIU,2021Q1_962048,小牛电动,0,NAS,汽车和配件,10200,-,汽车制造,10200020,14201967000,-16.23,2.67,$28.80,周期性消费,102,2.44,1862592,68264000,0.14,109.83,974939,0.07,0.07,1,49.43,28.77,40.55,-28.98,2021-03-31T04:00:00Z,{2_trade_add},{trade_add} 109.83 %,2021Q1_962048,,,,,,,,,,,,,
GMDA,2021Q1_962040,Gamida Cell Ltd,0,NAS,生物科技,20610,-,生物科技,20610010,2199299000,-26.47,-31.47,$5.75,医疗保健,206,1.13,670324,5423000,0.01,108.16,348298,0.01,0.01,1,12.43,7.8,9.22,-37.64,2021-03-31T04:00:00Z,{2_trade_add},{trade_add} 108.16 %,2021Q1_962040,,,,,,,,,,,,,
PERI,2021Q1_962005,Perion Network Ltd,0,NAS,交互式媒体,30830,-,互联网和相关服务,30830010,3995234000,6.24,39.2,$17.72,通信服务,308,1.33,451724,8086000,0.02,107.3,233818,0.01,0.01,1,25.69,12.24,18.14,-2.32,2021-03-31T04:00:00Z,{2_trade_add},{trade_add} 107.30 %,2021Q1_962005,,,,,,,,,,,,,
BAINF,2021Q1_962070,BASE Inc,0,OTCPK,软件,31110,-,软件应用,31110020,9914524000,-28.41,-29.33,$13.71,科技,311,2.04,2260400,32554000,0.06,106.24,1164400,0.03,0.03,1,26.42,14.61,21.38,-35.87,2021-03-31T04:00:00Z,{2_trade_add},{trade_add} 106.24 %,2021Q1_962070,,,,,,,,,,,,,
ADSK,2021Q1_961857,欧特克,0,NAS,软件,31110,-,软件应用,31110020,419337754000,-1.36,-3.46,$294.79,科技,311,0.07,151043,41862000,0.08,104.38,77141,0.04,0.04,1,320.13,253.1,288.65,2.13,2021-03-31T04:00:00Z,{2_trade_add},{trade_add} 104.38 %,2021Q1_961857,,,,,,,,,,,,,
MKTX,2021Q1_962057,MarketAxess Holdings Inc,2009,NAS,资本市场,10330,-,资本市场,10330010,111656576000,-15.55,-20.08,$454.67,金融服务,103,0.09,33195,16528000,0.03,97.05,16349,0.01,0.01,1,580.11,484.93,533.59,-14.79,2021-03-31T04:00:00Z,{2_trade_add},{trade_add} 97.05 %,2021Q1_962057,,,,,,,,,,,,,
GILT,2021Q1_962041,吉来特卫星网络,2020,NAS,硬件,31120,-,通讯设备,31120010,3362417000,-5.44,50.92,$9.21,科技,311,1.16,655093,6852000,0.01,96.98,322529,0.0,0.0,1,21.3,6.81,12.43,-25.91,2021-03-31T04:00:00Z,{2_trade_add},{trade_add} 96.98 %,2021Q1_962041,,,,,,,,,,,,,
HDB,2021Q1_961878,HDFC银行,2003,NYSE,银行,10320,-,区域性银行,10320020,893206380000,5.23,4.14,$74.99,金融服务,103,0.03,546426,42452000,0.08,96.83,268815,0.04,0.04,1,83.75,68.84,78.47,-4.43,2021-03-31T04:00:00Z,{2_trade_add},{trade_add} 96.83 %,2021Q1_961878,,,,,,,,,,,,,
WDAY,2021Q1_961961,工时公司,0,NAS,软件,31110,-,软件应用,31110020,364969484000,-12.14,-4.55,$228.70,科技,311,0.13,327228,81293000,0.16,96.78,160938,0.08,0.08,1,281.36,220.0,247.59,-7.63,2021-03-31T04:00:00Z,{2_trade_add},{trade_add} 96.78 %,2021Q1_961961,,,,,,,,,,,,,
ISRG,2021Q1_961887,直觉外科,0,NAS,医疗器械,20650,-,医疗器械和供给,20650020,730120925000,18.51,16.57,$953.66,医疗保健,206,0.04,49855,36840000,0.07,92.71,23985,0.03,0.03,1,818.75,684.9,755.6,26.21,2021-03-31T04:00:00Z,{2_trade_add},{trade_add} 92.71 %,2021Q1_961887,,,,,,,,,,,,,
GWRE,2021Q1_961877,Guidewire Software Inc,0,NYSE,软件,31110,-,软件应用,31110020,58145450000,2.03,-15.99,$108.15,科技,311,0.49,409367,41604000,0.08,87.89,191489,0.04,0.04,1,132.54,97.8,116.48,-7.15,2021-03-31T04:00:00Z,{2_trade_add},{trade_add} 87.89 %,2021Q1_961877,,,,,,,,,,,,,
TDOC,2021Q1_961945,Teladoc Health Inc,0,NYSE,医疗机构和服务,20645,-,医疗信息服务,20645030,146076472000,-24.0,-26.88,$146.21,医疗保健,206,9.33,14424180,2621595000,5.21,84.16,6591848,2.38,2.38,1,294.54,171.3,232.94,-37.23,2021-03-31T04:00:00Z,{2_trade_add},{trade_add} 84.16 %,2021Q1_961945,,,,,,,,,,,,,
SDGR,2021Q1_962023,Schrodinger Inc,0,NAS,医疗机构和服务,20645,-,医疗信息服务,20645030,30751712000,-13.91,-14.8,$67.46,医疗保健,206,3.63,2561846,195443000,0.39,83.59,1166393,0.18,0.18,1,113.09,64.61,90.24,-25.24,2021-03-31T04:00:00Z,{2_trade_add},{trade_add} 83.59 %,2021Q1_962023,,,,,,,,,,,,,
ADYYF,2021Q1_961976,Adyen NV,0,OTCPK,软件,31110,-,软件基础构架,31110030,507769891000,8.74,14.19,$2597.84,科技,311,0.19,57380,128337000,0.25,81.39,25746,0.11,0.11,1,2685.66,2073.04,2313.07,12.31,2021-03-31T04:00:00Z,{2_trade_add},{trade_add} 81.39 %,2021Q1_961976,,,,,,,,,,,,,
CRNT,2021Q1_961985,Ceragon网络,0,NAS,硬件,31120,-,通讯设备,31120010,1881545000,-5.93,25.54,$3.49,科技,311,1.39,1161214,4378000,0.01,77.79,508091,0.0,0.0,1,6.46,2.82,4.42,-21.04,2021-03-31T04:00:00Z,{2_trade_add},{trade_add} 77.79 %,2021Q1_961985,,,,,,,,,,,,,
NXPI,2021Q1_961999,恩智浦,2018,NAS,半导体,31130,-,半导体,31130020,346602253000,-3.37,22.97,$194.41,科技,311,0.21,580421,116862000,0.23,77.7,253787,0.1,0.1,1,208.34,160.47,182.81,6.35,2021-03-31T04:00:00Z,{2_trade_add},{trade_add} 77.70 %,2021Q1_961999,,,,,,,,,,,,,
EXAS,2021Q1_962050,精密科学,0,NAS,医疗诊断和研究,20660,-,诊断和研究,20660010,123516175000,-14.68,-15.95,$111.36,医疗保健,206,5.33,9148635,1205607000,2.4,72.21,3836169,1.01,1.01,1,155.01,116.57,137.18,-18.82,2021-03-31T04:00:00Z,{2_trade_add},{trade_add} 72.21 %,2021Q1_962050,,,,,,,,,,,,,
INCY,2021Q1_961882,因塞特医疗,0,NAS,生物科技,20610,-,生物科技,20610010,113739037000,-3.86,-8.04,$79.99,医疗保健,206,1.36,2988149,242847000,0.48,67.65,1205769,0.19,0.19,1,100.5,76.02,85.34,-6.27,2021-03-31T04:00:00Z,{2_trade_add},{trade_add} 67.65 %,2021Q1_961882,,,,,,,,,,,,,
SPOT,2021Q1_961981,Spotify Technology SA,0,NYSE,交互式媒体,30830,-,互联网和相关服务,30830010,305968650000,-17.27,-21.19,$247.97,通信服务,308,2.04,3891325,1042681000,2.07,65.14,1534989,0.82,0.82,1,364.59,252.59,312.17,-20.57,2021-03-31T04:00:00Z,{2_trade_add},{trade_add} 65.14 %,2021Q1_961981,,,,,,,,,,,,,
SE,2021Q1_962009,海洋互联网,0,NYSE,交互式媒体,30830,-,电子游戏和多媒体,30830020,903107747000,7.49,35.06,$268.83,通信服务,308,0.6,3171074,707879000,1.41,64.52,1243602,0.55,0.55,1,280.0,194.37,232.98,15.39,2021-03-31T04:00:00Z,{2_trade_add},{trade_add} 64.52 %,2021Q1_962009,,,,,,,,,,,,,
MPNGF,2021Q1_961973,美团,0,OTCPK,零售,10280,-,网络零售,10280050,1481678099000,0.68,0.0,$37.25,周期性消费,102,0.04,2290458,87854000,0.17,60.75,865643,0.06,0.06,1,58.01,36.43,45.82,-18.7,2021-03-31T04:00:00Z,{2_trade_add},{trade_add} 60.75 %,2021Q1_961973,,,,,,,,,,,,,
SURF,2021Q1_962046,Surface Oncology Inc,0,NAS,生物科技,20610,-,生物科技,20610010,1829444000,-8.94,-29.44,$6.52,医疗保健,206,9.37,4069255,31740000,0.06,60.06,1526864,0.02,0.02,1,13.82,7.25,10.02,-34.93,2021-03-31T04:00:00Z,{2_trade_add},{trade_add} 60.06 %,2021Q1_962046,,,,,,,,,,,,,
CDXS,2021Q1_961865,Codexis Inc,0,NAS,生物科技,20610,-,生物科技,20610010,8193239000,-19.96,-9.99,$19.65,医疗保健,206,9.74,6281617,143786000,0.29,58.54,2319511,0.11,0.11,1,28.8,18.08,23.44,-16.17,2021-03-31T04:00:00Z,{2_trade_add},{trade_add} 58.54 %,2021Q1_961865,,,,,,,,,,,,,
ADYEY,2021Q1_962029,Adyen NV,0,OTCPK,软件,31110,-,软件基础构架,31110030,506631381000,6.43,10.91,$51.46,科技,311,0.12,1810940,81003000,0.16,58.23,666475,0.06,0.06,1,53.7,41.87,46.2,11.39,2021-03-31T04:00:00Z,{2_trade_add},{trade_add} 58.23 %,2021Q1_962029,,,,,,,,,,,,,
GOOG,2021Q1_961849,谷歌,0,NAS,交互式媒体,30830,-,互联网和相关服务,30830010,11184424851000,14.31,49.86,$2625.33,通信服务,308,0.01,57546,119041000,0.24,55.9,20635,0.09,0.09,1,2128.31,1728.24,1986.11,32.18,2021-03-31T04:00:00Z,{2_trade_add},{trade_add} 55.90 %,2021Q1_961849,,,,,,,,,,,,,
SQ,2021Q1_961941,Square Inc,0,NYSE,软件,31110,-,软件基础构架,31110030,692355003000,-10.61,8.05,$235.16,科技,311,2.41,10978316,2492627000,4.95,55.01,3895906,1.76,1.76,1,276.57,201.87,234.55,0.26,2021-03-31T04:00:00Z,{2_trade_add},{trade_add} 55.01 %,2021Q1_961941,,,,,,,,,,,,,
Z,2021Q1_961964,Zillow Group Inc,0,NAS,交互式媒体,30830,-,互联网和相关服务,30830010,168536901000,-25.83,-19.21,$104.87,通信服务,308,4.05,10032650,1300633000,2.58,54.8,3551445,0.91,0.91,1,199.9,119.63,149.17,-29.7,2021-03-31T04:00:00Z,{2_trade_add},{trade_add} 54.80 %,2021Q1_961964,,,,,,,,,,,,,
NNDM,2021Q1_961912,Nano Dimension Ltd,0,NAS,硬件,31120,-,计算机硬件,31120020,10745994000,-8.47,-28.79,$6.48,科技,311,5.06,12967241,111389000,0.22,54.5,4573992,0.08,0.08,1,16.72,7.61,11.56,-43.94,2021-03-31T04:00:00Z,{2_trade_add},{trade_add} 54.50 %,2021Q1_961912,,,,,,,,,,,,,
CAT,2021Q1_962016,卡特彼勒,2013,NYSE,农用和重型工程机械,31050,-,农用和重型工程机械,31050010,748222569000,-8.64,17.28,$211.41,工业,310,0.07,381967,88567000,0.18,53.03,132363,0.06,0.06,1,233.63,180.63,206.87,2.19,2021-03-31T04:00:00Z,{2_trade_add},{trade_add} 53.03 %,2021Q1_962016,,,,,,,,,,,,,
TWLO,2021Q1_961954,Twilio Inc,0,NYSE,交互式媒体,30830,-,互联网和相关服务,30830010,408673521000,-6.06,8.2,$366.27,通信服务,308,1.58,2737162,932715000,1.85,52.59,943403,0.64,0.64,1,443.49,315.08,375.54,-2.47,2021-03-31T04:00:00Z,{2_trade_add},{trade_add} 52.59 %,2021Q1_961954,,,,,,,,,,,,,
RHHBY,2021Q1_962067,Roche Holding AG,2015,OTCPK,医药制造,20620,-,通用医药制造,20620010,2135752422000,15.65,13.19,$48.40,医疗保健,206,0.12,8105763,328770000,0.65,51.31,2748760,0.22,0.22,1,45.7,40.12,42.6,13.62,2021-03-31T04:00:00Z,{2_trade_add},{trade_add} 51.31 %,2021Q1_962067,,,,,,,,,,,,,
SNPS,2021Q1_962012,新思科技,0,NAS,软件,31110,-,软件基础构架,31110030,273923919000,5.93,7.11,$277.68,科技,311,1.01,1537753,381024000,0.76,50.59,516571,0.26,0.26,1,292.09,218.49,254.57,9.08,2021-03-31T04:00:00Z,{2_trade_add},{trade_add} 50.59 %,2021Q1_962012,,,,,,,,,,,,,
IRDM,2021Q1_961892,铱星通讯,0,NAS,通信,30810,-,电信服务,30810010,31965804000,-10.81,-5.81,$37.04,通信服务,308,7.76,10355147,427150000,0.85,48.56,3384917,0.28,0.28,1,54.37,36.78,43.83,-15.49,2021-03-31T04:00:00Z,{2_trade_add},{trade_add} 48.56 %,2021Q1_961892,,,,,,,,,,,,,
SCHW,2021Q1_961936,嘉信理财,1989,NYSE,资本市场,10330,-,资本市场,10330010,860440224000,7.98,33.69,$70.55,金融服务,103,0.04,714287,46557000,0.09,46.91,228086,0.03,0.03,1,67.65,51.54,60.6,16.42,2021-03-31T04:00:00Z,{2_trade_add},{trade_add} 46.91 %,2021Q1_961936,,,,,,,,,,,,,
DOCU,2021Q1_962000,DocuSign Inc,0,NAS,软件,31110,-,软件应用,31110020,348703364000,18.79,24.61,$277.01,科技,311,1.64,3197720,647378000,1.29,46.68,1017699,0.41,0.41,1,265.16,192.84,232.4,19.2,2021-03-31T04:00:00Z,{2_trade_add},{trade_add} 46.68 %,2021Q1_962000,,,,,,,,,,,,,
BEKE,2021Q1_962059,贝壳,0,NYSE,房地产,10410,-,房地产服务,10410020,300290889000,-23.89,-36.63,$39.00,房地产,104,0.81,9592049,546555000,1.09,44.5,2953956,0.34,0.34,1,76.69,47.08,62.93,-38.03,2021-03-31T04:00:00Z,{2_trade_add},{trade_add} 44.50 %,2021Q1_962059,,,,,,,,,,,,,
BYDDY,2021Q1_962036,比亚迪,2020,OTCPK,汽车和配件,10200,-,汽车制造,10200020,508621934000,22.11,4.29,$54.99,周期性消费,102,0.09,1234435,53408000,0.11,42.8,370008,0.03,0.03,1,70.6,41.69,57.92,-5.06,2021-03-31T04:00:00Z,{2_trade_add},{trade_add} 42.80 %,2021Q1_962036,广东省深圳市坪山新区比亚迪路3009号,锂离子电池以及其他电池、充电器、电子产品、仪器仪表、柔性线路板、五金制品、液晶显示器、手机零配件、模具、塑胶制品及其相关附件的生产、销售；3D眼镜、GPS导航产品的研发、生产及销售；货物及技术进出口(不含分销、国家专营专控商品)；作为比亚迪汽车有限公司比亚迪品牌乘用车、电动车的总经销商，从事上述品牌的乘用车、电动车及其零部件的营销、批发和出口，提供售后服务；电池管理系统、换流柜、逆变柜/器、汇流箱、开关柜、储能机组的销售；汽车电子装置研发、销售；新能源汽车关键零部件研发以及上述零部件的关键零件、部件的研发、销售；轨道交通运输设备(含轨道交通车辆、工程机械、各类机电设备、电子设备及零部件、电子电气件、轨道交通信号系统、通信及综合监控系统与设备)的研发、设计、销售、租赁与售后服务(不涉及国营贸易管理商品，涉及配额、许可证管理及其他专项管理的商品，按国家有关规定办理申请)；轨道梁柱的研发、设计、销售；自有物业租赁(物业位于大鹏新区葵涌街道延安路一号比亚迪工业园内及龙岗区龙岗街道宝龙工业城宝荷路3001号比亚迪工业园内)；广告设计、制作、代理及发布；信息与技术咨询、技术服务。,王传福,深圳市,比亚迪是一家致力于“用技术创新，满足人们对美好生活的向往”的高新技术企业。比亚迪成立于1995年2月，经过20多年的高速发展，已在全球设立30多个工业园，实现全球六大洲的战略布局。比亚迪业务布局涵盖电子、汽车、新能源和轨道交通等领域，并在这些领域发挥着举足轻重的作用，从能源的获取、存储，再到应用，全方位构建零排放的新能源整体解决方案。比亚迪是香港和深圳上市公司，营业额和总市值均超过千亿元。,db@byd.com,"包含传统燃油汽车及新能源汽车在内的汽车业务,手机部件及组装业务,以及二次充电电池及新能源业务",王传福,广东,286114.29,李黔,19950210,www.byd.com
DE,2021Q1_961866,迪尔股份有限公司,1987,NYSE,农用和重型工程机械,31050,-,农用和重型工程机械,31050010,698036020000,-9.2,29.31,$346.10,工业,310,0.11,354282,132551000,0.26,42.71,106034,0.08,0.08,1,380.41,267.64,327.94,5.54,2021-03-31T04:00:00Z,{2_trade_add},{trade_add} 42.71 %,2021Q1_961866,,,,,,,,,,,,,
NTDOY,2021Q1_962044,Nintendo Co Ltd,2016,OTCPK,交互式媒体,30830,-,电子游戏和多媒体,30830020,438390309000,-5.06,-9.66,$71.15,通信服务,308,0.66,6252905,442706000,0.88,41.5,1833774,0.26,0.26,1,81.6,68.49,75.62,-5.91,2021-03-31T04:00:00Z,{2_trade_add},{trade_add} 41.50 %,2021Q1_962044,,,,,,,,,,,,,
TSLA,2021Q1_961948,特斯拉,0,NAS,汽车和配件,10200,-,汽车制造,10200020,4049326363000,-11.94,-7.8,$650.60,周期性消费,102,0.6,5785523,3864324000,7.68,39.94,1651297,2.19,2.19,1,883.09,563.0,754.2,-13.74,2021-03-31T04:00:00Z,{2_trade_add},{trade_add} 39.94 %,2021Q1_961948,,,,,,,,,,,,,
AVAV,2021Q1_961845,AeroVironment公司,0,NAS,航空航天和国防,31010,-,航空航天和国防,31010010,15049284000,-13.9,8.1,$93.94,工业,310,2.26,560739,65079000,0.13,37.87,154013,0.04,0.04,1,137.94,85.93,117.17,-19.83,2021-03-31T04:00:00Z,{2_trade_add},{trade_add} 37.87 %,2021Q1_961845,,,,,,,,,,,,,
GH,2021Q1_961876,Guardant Health Inc,0,NAS,医疗诊断和研究,20660,-,诊断和研究,20660010,74284752000,-28.63,-11.84,$113.62,医疗保健,206,0.7,703250,107351000,0.21,30.1,162713,0.05,0.05,1,179.1,127.04,151.58,-25.04,2021-03-31T04:00:00Z,{2_trade_add},{trade_add} 30.10 %,2021Q1_961876,,,,,,,,,,,,,
TEAM,2021Q1_961977,Atlassian Corporation PLC,0,NAS,软件,31110,-,软件应用,31110020,419326737000,8.46,10.9,$259.36,科技,311,0.11,285226,60114000,0.12,30.04,65890,0.03,0.03,1,258.41,204.43,232.99,11.32,2021-03-31T04:00:00Z,{2_trade_add},{trade_add} 30.04 %,2021Q1_961977,,,,,,,,,,,,,
NET,2021Q1_962061,Cloudflare Inc,0,NYSE,软件,31110,-,软件基础构架,31110030,206051039000,31.48,35.11,$102.67,科技,311,0.3,942466,66218000,0.13,30.01,217526,0.03,0.03,1,93.46,61.77,77.22,32.96,2021-03-31T04:00:00Z,{2_trade_add},{trade_add} 30.01 %,2021Q1_962061,,,,,,,,,,,,,
CRWD,2021Q1_962021,CrowdStrike Holdings Inc,0,NAS,软件,31110,-,软件基础构架,31110030,363714045000,16.99,17.69,$249.30,科技,311,0.15,334124,60981000,0.12,30.01,77122,0.03,0.03,1,242.42,173.85,212.06,17.56,2021-03-31T04:00:00Z,{2_trade_add},{trade_add} 30.01 %,2021Q1_962021,,,,,,,,,,,,,
IOVA,2021Q1_961891,Iovance Biotherapeutics Inc,0,NAS,生物科技,20610,-,生物科技,20610010,22265211000,-25.96,-51.44,$22.53,医疗保健,206,12.91,19726650,624546000,1.24,28.95,4428828,0.28,0.28,1,52.59,28.67,41.55,-45.78,2021-03-31T04:00:00Z,{2_trade_add},{trade_add} 28.95 %,2021Q1_961891,,,,,,,,,,,,,
SPCE,2021Q1_962027,维珍银河,0,NYSE,航空航天和国防,31010,-,航空航天和国防,31010010,49385074000,37.64,33.75,$31.74,工业,310,0.72,1727671,52919000,0.11,28.38,381878,0.02,0.02,1,59.41,23.21,37.92,-16.3,2021-03-31T04:00:00Z,{2_trade_add},{trade_add} 28.38 %,2021Q1_962027,,,,,,,,,,,,,
TMO,2021Q1_962049,赛默飞世尔,2012,NYSE,医疗诊断和研究,20660,-,诊断和研究,20660010,1307356759000,4.12,10.57,$514.48,医疗保健,206,0.06,241791,110349000,0.22,27.08,51522,0.05,0.05,1,518.83,439.85,477.79,7.68,2021-03-31T04:00:00Z,{2_trade_add},{trade_add} 27.08 %,2021Q1_962049,,,,,,,,,,,,,
FSLY,2021Q1_962060,Fastly Inc,0,NYSE,软件,31110,-,软件应用,31110020,36737170000,-30.85,-43.8,$49.10,科技,311,1.24,1433563,96450000,0.19,25.9,294907,0.04,0.04,1,117.86,62.05,86.21,-43.05,2021-03-31T04:00:00Z,{2_trade_add},{trade_add} 25.90 %,2021Q1_962060,,,,,,,,,,,,,
CSTL,2021Q1_961862,Castle Biosciences Inc,0,NAS,医疗诊断和研究,20660,-,诊断和研究,20660010,10520426000,-4.74,-3.29,$64.94,医疗保健,206,10.36,2597288,177810000,0.35,25.56,528696,0.07,0.07,1,97.33,58.92,75.49,-13.98,2021-03-31T04:00:00Z,{2_trade_add},{trade_add} 25.56 %,2021Q1_961862,,,,,,,,,,,,,
ICE,2021Q1_961885,洲交所,2013,NYSE,资本市场,10330,-,金融数据和交易所,10330020,429314063000,-1.28,2.91,$117.99,金融服务,103,1.0,5617092,627317000,1.25,23.24,1059118,0.24,0.24,1,117.86,109.35,113.41,4.04,2021-03-31T04:00:00Z,{2_trade_add},{trade_add} 23.24 %,2021Q1_961885,,,,,,,,,,,,,
XLNX,2021Q1_961962,赛灵思,2021,NAS,半导体,31130,-,半导体,31130020,206202136000,-0.3,-8.51,$129.71,科技,311,0.1,241660,29942000,0.06,17.71,36351,0.01,0.01,1,151.08,112.09,133.51,-2.85,2021-03-31T04:00:00Z,{2_trade_add},{trade_add} 17.71 %,2021Q1_961962,,,,,,,,,,,,,
MELI,2021Q1_961906,MercadoLibre Inc,0,NAS,零售,10280,-,网络零售,10280050,486213681000,-5.69,-9.95,$1508.48,周期性消费,102,0.26,128277,188842000,0.38,17.0,18638,0.06,0.06,1,1984.34,1369.54,1700.69,-11.3,2021-03-31T04:00:00Z,{2_trade_add},{trade_add} 17.00 %,2021Q1_961906,,,,,,,,,,,,,
YAHOY,2021Q1_962010,Z Holdings Corp,2021,OTCPK,零售,10280,-,网络零售,10280050,261735698000,3.19,-11.21,$10.66,周期性消费,102,0.0,57245,567000,0.0,14.45,7228,0.0,0.0,1,13.72,9.91,12.16,-12.34,2021-03-31T04:00:00Z,{2_trade_add},{trade_add} 14.45 %,2021Q1_962010,,,,,,,,,,,,,
HUBS,2021Q1_961881,HubSpot Inc,0,NYSE,软件,31110,-,软件应用,31110020,166257329000,3.72,38.92,$550.72,科技,311,0.35,163219,74136000,0.15,13.94,19969,0.02,0.02,1,543.49,349.99,440.39,25.05,2021-03-31T04:00:00Z,{2_trade_add},{trade_add} 13.94 %,2021Q1_961881,,,,,,,,,,,,,
XONE,2021Q1_961870,The ExOne Co,0,NAS,工业制品,31070,-,特种工业机械,31070020,2414600000,-32.92,77.13,$16.81,工业,310,12.05,2676905,83948000,0.17,12.7,301571,0.02,0.02,1,64.5,9.37,31.86,-47.24,2021-03-31T04:00:00Z,{2_trade_add},{trade_add} 12.70 %,2021Q1_961870,,,,,,,,,,,,,
BABA,2021Q1_961846,阿里巴巴,0,NYSE,零售,10280,-,网络零售,10280050,3766390937000,-10.18,-7.72,$214.76,周期性消费,102,0.02,590826,133958000,0.27,9.94,53402,0.02,0.02,1,270.83,222.72,245.98,-12.69,2021-03-31T04:00:00Z,{2_trade_add},{trade_add} 9.94 %,2021Q1_961846,,,,,,,,,,,,,
CDNA,2021Q1_961860,CareDx Inc,0,NAS,医疗诊断和研究,20660,-,诊断和研究,20660010,26256167000,1.15,7.76,$78.07,医疗保健,206,8.57,4460824,303738000,0.6,9.81,398502,0.05,0.05,1,95.6,57.62,77.83,0.31,2021-03-31T04:00:00Z,{2_trade_add},{trade_add} 9.81 %,2021Q1_961860,,,,,,,,,,,,,
API,2021Q1_962058,声网,0,NAS,软件,31110,-,软件应用,31110020,26157108000,-38.32,-11.68,$34.94,科技,311,1.48,1716390,86283000,0.17,9.33,146502,0.01,0.01,1,106.14,37.14,63.77,-45.21,2021-03-31T04:00:00Z,{2_trade_add},{trade_add} 9.33 %,2021Q1_962058,,,,,,,,,,,,,
TCEHY,2021Q1_961946,腾讯控股,2009,OTCPK,交互式媒体,30830,-,互联网和相关服务,30830010,4505198574000,-8.93,1.32,$72.63,通信服务,308,0.07,6867476,548025000,1.09,8.61,544292,0.09,0.09,1,99.1,72.85,86.77,-16.3,2021-03-31T04:00:00Z,{2_trade_add},{trade_add} 8.61 %,2021Q1_961946,,,,,,,,,,,,,
EVGN,2021Q1_961989,Evogene Ltd,0,NAS,生物科技,20610,-,生物科技,20610010,814227000,-27.7,-34.47,$3.08,医疗保健,206,11.81,4796679,24175000,0.05,4.4,202180,0.0,0.0,1,9.94,4.29,6.24,-50.64,2021-03-31T04:00:00Z,{2_trade_add},{trade_add} 4.40 %,2021Q1_961989,,,,,,,,,,,,,
TWST,2021Q1_961955,Twist Bioscience Corp,0,NAS,医疗诊断和研究,20660,-,诊断和研究,20660010,35674565000,-20.51,-20.07,$112.93,医疗保健,206,12.37,6045520,748798000,1.49,2.87,168549,0.04,0.04,1,207.97,105.48,152.11,-25.76,2021-03-31T04:00:00Z,{2_trade_add},{trade_add} 2.87 %,2021Q1_961955,,,,,,,,,,,,,
FANDF,2021Q1_961919,Firstrand Ltd,2010,OTCPK,银行,10320,-,多元化银行,10320010,131125858000,5.85,69.9,$3.80,金融服务,103,0.0,13580,30000,0.0,0.0,0,0.0,0.0,1,4.6,2.28,3.1,22.58,2021-03-31T04:00:00Z,{3_not_change},-,2021Q1_961919,,,,,,,,,,,,,
SNOW,2021Q1_962051,Snowflake Inc,0,NYSE,软件,31110,-,软件应用,31110020,480181655000,6.18,-10.8,$251.00,科技,311,0.0,98,22000,0.0,0.0,0,0.0,0.0,1,314.29,208.6,267.41,-6.14,2021-03-31T04:00:00Z,{3_not_change},-,2021Q1_962051,,,,,,,,,,,,,
GMOYF,2021Q1_962002,GMO internet Inc,2019,OTCPK,通信,30810,-,电信服务,30810010,18955391000,-16.02,-3.96,$28.08,通信服务,308,0.0,800,23000,0.0,0.0,0,0.0,0.0,1,35.56,28.05,30.34,-7.45,2021-03-31T04:00:00Z,{3_not_change},-,2021Q1_962002,,,,,,,,,,,,,
LC,2021Q1_961900,LendingClub Corp,0,NYSE,信贷,10360,-,信贷服务,10360010,10108347000,8.8,52.27,$16.08,金融服务,103,7.48,7268414,120074000,0.24,-2.5,-186748,-0.01,0.01,1,21.72,9.5,13.15,22.28,2021-03-31T04:00:00Z,{4_trade_reduce},{trade_reduce} 2.50 %,2021Q1_961900,,,,,,,,,,,,,
PHR,2021Q1_962026,Phreesia Inc,0,NYSE,医疗机构和服务,20645,-,医疗信息服务,20645030,20633518000,22.85,16.42,$63.17,医疗保健,206,2.53,1276726,66517000,0.13,-3.02,-39770,-0.01,0.01,1,80.61,50.85,63.26,-0.14,2021-03-31T04:00:00Z,{4_trade_reduce},{trade_reduce} 3.02 %,2021Q1_962026,,,,,,,,,,,,,
SNAP,2021Q1_961939,Snap Inc,0,NYSE,交互式媒体,30830,-,互联网和相关服务,30830010,614062246000,-5.31,20.83,$60.50,通信服务,308,0.2,3173955,165966000,0.33,-4.5,-149548,-0.02,0.02,1,70.45,48.95,57.54,5.14,2021-03-31T04:00:00Z,{4_trade_reduce},{trade_reduce} 4.50 %,2021Q1_961939,,,,,,,,,,,,,
HUYA,2021Q1_962013,虎牙,0,NYSE,传媒,30820,-,娱乐,30820040,24148353000,-10.42,-20.67,$15.81,通信服务,308,4.65,10988392,214054000,0.43,-5.28,-612601,-0.03,0.03,1,34.01,19.4,25.24,-37.36,2021-03-31T04:00:00Z,{4_trade_reduce},{trade_reduce} 5.28 %,2021Q1_962013,,,,,,,,,,,,,
ROKU,2021Q1_961935,Roku Inc,0,NAS,传媒,30820,-,娱乐,30820040,347545466000,4.47,22.28,$406.00,通信服务,308,3.77,4997644,1628082000,3.23,-7.05,-379178,-0.33,0.33,1,469.7,300.79,393.18,3.26,2021-03-31T04:00:00Z,{4_trade_reduce},{trade_reduce} 7.05 %,2021Q1_961935,,,,,,,,,,,,,
PSTI,2021Q1_961932,Pluristem Therapeutics Inc,0,NAS,生物科技,20610,-,生物科技,20610010,777774000,-12.67,-46.39,$3.79,医疗保健,206,11.31,3589322,17121000,0.03,-9.35,-370022,-0.01,0.01,1,8.49,4.48,6.58,-42.4,2021-03-31T04:00:00Z,{4_trade_reduce},{trade_reduce} 9.35 %,2021Q1_961932,,,,,,,,,,,,,
TWOU,2021Q1_961956,2U Inc,0,NAS,教育,20540,-,教育培训服务,20540010,20474047000,7.2,6.37,$42.56,非周期性消费,205,15.91,11837072,452531000,0.9,-10.74,-1424505,-0.15,0.15,1,55.55,34.21,42.47,0.21,2021-03-31T04:00:00Z,{4_trade_reduce},{trade_reduce} 10.74 %,2021Q1_961956,,,,,,,,,,,,,
NVTA,2021Q1_961889,Invitae Corp,0,NYSE,医疗诊断和研究,20660,-,诊断和研究,20660010,36319473000,-28.03,-32.77,$28.11,医疗保健,206,12.0,23977808,916192000,1.82,-11.2,-3023330,-0.34,0.34,1,56.93,33.06,45.56,-38.3,2021-03-31T04:00:00Z,{4_trade_reduce},{trade_reduce} 11.20 %,2021Q1_961889,,,,,,,,,,,,,
PRLB,2021Q1_961933,Proto Labs Inc,0,NYSE,工业制品,31070,-,金属加工,31070030,15145781000,-21.83,-44.85,$84.60,工业,310,13.2,3654854,444978000,0.88,-11.29,-465068,-0.19,0.19,1,251.49,115.19,166.79,-49.28,2021-03-31T04:00:00Z,{4_trade_reduce},{trade_reduce} 11.29 %,2021Q1_961933,,,,,,,,,,,,,
MTLS,2021Q1_961905,Materialise NV,0,NAS,软件,31110,-,软件应用,31110020,7898063000,-37.59,-61.26,$21.00,科技,311,12.79,7441821,267533000,0.53,-13.1,-1122260,-0.16,0.16,1,80.62,30.25,56.0,-62.5,2021-03-31T04:00:00Z,{4_trade_reduce},{trade_reduce} 13.10 %,2021Q1_961905,,,,,,,,,,,,,
PD,2021Q1_962015,PagerDuty Inc,0,NYSE,软件,31110,-,软件应用,31110020,20578516000,-12.54,-8.68,$38.08,科技,311,11.94,9982602,401600000,0.8,-13.55,-1565231,-0.17,0.17,1,56.58,34.08,45.85,-16.95,2021-03-31T04:00:00Z,{4_trade_reduce},{trade_reduce} 13.55 %,2021Q1_962015,,,,,,,,,,,,,
EDIT,2021Q1_961869,Editas Medicine Inc,0,NAS,生物科技,20610,-,生物科技,20610010,18413957000,2.46,-40.11,$41.99,医疗保健,206,12.9,8751923,367581000,0.73,-13.57,-1373641,-0.26,0.26,1,90.58,39.71,56.98,-26.31,2021-03-31T04:00:00Z,{4_trade_reduce},{trade_reduce} 13.57 %,2021Q1_961869,,,,,,,,,,,,,
CERS,2021Q1_961864,Cerus Corp,0,NAS,生物科技,20610,-,生物科技,20610010,5301143000,-24.57,-30.78,$4.79,医疗保健,206,14.92,25541955,153507000,0.3,-13.63,-4030310,-0.07,0.07,1,7.87,5.68,6.82,-29.77,2021-03-31T04:00:00Z,{4_trade_reduce},{trade_reduce} 13.63 %,2021Q1_961864,,,,,,,,,,,,,
MCRB,2021Q1_961937,Seres Therapeutics Inc,0,NAS,生物科技,20610,-,生物科技,20610010,12014855000,-5.24,-17.27,$20.27,医疗保健,206,12.93,11855947,244114000,0.49,-13.72,-1885307,-0.12,0.12,1,28.92,17.66,23.07,-12.14,2021-03-31T04:00:00Z,{4_trade_reduce},{trade_reduce} 13.72 %,2021Q1_961937,,,,,,,,,,,,,
SSYS,2021Q1_961994,Stratasys Ltd,0,NAS,硬件,31120,-,计算机硬件,31120020,8713876000,-8.58,-0.19,$20.68,科技,311,15.98,10420260,269885000,0.54,-13.79,-1667401,-0.09,0.09,1,54.37,20.58,34.72,-40.44,2021-03-31T04:00:00Z,{4_trade_reduce},{trade_reduce} 13.79 %,2021Q1_961994,,,,,,,,,,,,,
NTLA,2021Q1_961883,Intellia Therapeutics Inc,0,NAS,生物科技,20610,-,生物科技,20610010,64548081000,84.7,153.86,$138.10,医疗保健,206,13.3,9611911,771404000,1.53,-14.12,-1579759,-0.23,0.23,1,83.68,46.59,67.14,105.69,2021-03-31T04:00:00Z,{4_trade_reduce},{trade_reduce} 14.12 %,2021Q1_961883,,,,,,,,,,,,,
TREE,2021Q1_961901,LendingTree Inc,2018,NAS,银行,10320,-,贷款金融,10320030,16177612000,-19.73,-31.29,$188.12,金融服务,103,12.95,1723091,367018000,0.73,-14.28,-287164,-0.21,0.21,1,353.34,204.68,285.69,-34.15,2021-03-31T04:00:00Z,{4_trade_reduce},{trade_reduce} 14.28 %,2021Q1_961901,,,,,,,,,,,,,
SYRS,2021Q1_961943,Syros Pharmaceuticals Inc,0,NAS,生物科技,20610,-,生物科技,20610010,1831748000,-29.65,-57.79,$4.58,医疗保健,206,12.47,7711724,57684000,0.11,-14.71,-1329597,-0.04,0.04,1,14.95,7.19,10.41,-56.0,2021-03-31T04:00:00Z,{4_trade_reduce},{trade_reduce} 14.71 %,2021Q1_961943,,,,,,,,,,,,,
NSTG,2021Q1_961913,NanoString Technologies Inc,0,NAS,医疗器械,20650,-,医疗器械和供给,20650020,16413015000,-24.24,-15.98,$56.19,医疗保健,206,7.33,3314947,217825000,0.43,-15.38,-602326,-0.11,0.11,1,82.96,57.38,70.39,-20.17,2021-03-31T04:00:00Z,{4_trade_reduce},{trade_reduce} 15.38 %,2021Q1_961913,,,,,,,,,,,,,
CGEN,2021Q1_961987,Compugen医疗,0,NAS,生物科技,20610,-,生物科技,20610010,3774612000,-23.26,-43.6,$6.83,医疗保健,206,17.24,14422362,123888000,0.25,-15.58,-2660944,-0.09,0.09,1,13.77,7.67,11.12,-38.58,2021-03-31T04:00:00Z,{4_trade_reduce},{trade_reduce} 15.58 %,2021Q1_961987,,,,,,,,,,,,,
VCYT,2021Q1_961959,Veracyte Inc,0,NAS,生物科技,20610,-,生物科技,20610010,15962967000,-34.84,-24.93,$36.74,医疗保健,206,11.33,7617287,409429000,0.81,-15.62,-1410540,-0.18,0.18,1,81.38,44.47,57.89,-36.53,2021-03-31T04:00:00Z,{4_trade_reduce},{trade_reduce} 15.62 %,2021Q1_961959,,,,,,,,,,,,,
PSNL,2021Q1_961928,Personalis Inc,0,NAS,医疗诊断和研究,20660,-,诊断和研究,20660010,5957447000,-10.18,-42.64,$21.00,医疗保健,206,12.99,5705827,140420000,0.28,-15.83,-1072796,-0.1,0.1,1,51.02,20.71,34.39,-38.94,2021-03-31T04:00:00Z,{4_trade_reduce},{trade_reduce} 15.83 %,2021Q1_961928,,,,,,,,,,,,,
ARCT,2021Q1_961856,Arcturus Therapeutics Holdings Inc,0,NAS,生物科技,20610,-,生物科技,20610010,4768269000,-29.1,-35.41,$28.02,医疗保健,206,12.66,3331889,137607000,0.27,-15.84,-627130,-0.07,0.07,1,86.92,38.75,59.83,-53.17,2021-03-31T04:00:00Z,{4_trade_reduce},{trade_reduce} 15.84 %,2021Q1_961856,,,,,,,,,,,,,
AQB,2021Q1_961855,AquaBounty Technologies Inc,0,NAS,农副加工食品,20525,-,农产品,20525020,2367767000,-12.84,-41.1,$5.16,非周期性消费,205,10.2,7247378,48557000,0.1,-16.12,-1393043,-0.03,0.03,1,12.2,6.09,8.62,-40.14,2021-03-31T04:00:00Z,{4_trade_reduce},{trade_reduce} 16.12 %,2021Q1_961855,,,,,,,,,,,,,
PSTG,2021Q1_962011,Pure Storage Inc,0,NYSE,硬件,31120,-,计算机硬件,31120020,33019875000,-16.53,-20.26,$18.03,科技,311,11.61,32887736,708402000,1.41,-20.1,-8273512,-0.5,0.5,1,28.9,19.37,23.87,-24.47,2021-03-31T04:00:00Z,{4_trade_reduce},{trade_reduce} 20.10 %,2021Q1_962011,,,,,,,,,,,,,
CRSP,2021Q1_961980,CRISPR Therapeutics AG,0,NAS,生物科技,20610,-,生物科技,20610010,66005198000,2.62,-16.99,$127.10,医疗保健,206,10.32,8290350,1010179000,2.01,-20.38,-2122626,-0.86,0.86,1,210.04,110.72,151.16,-15.92,2021-03-31T04:00:00Z,{4_trade_reduce},{trade_reduce} 20.38 %,2021Q1_961980,,,,,,,,,,,,,
CLLS,2021Q1_961863,Cellectis SA,0,NAS,生物科技,20610,-,生物科技,20610010,3809409000,-29.12,-49.45,$13.68,医疗保健,206,11.89,5117526,103425000,0.21,-23.38,-1561551,-0.11,0.11,1,33.25,18.19,24.77,-44.77,2021-03-31T04:00:00Z,{4_trade_reduce},{trade_reduce} 23.38 %,2021Q1_961863,,,,,,,,,,,,,
PACB,2021Q1_961925,Pacific Biosciences of California Inc,0,NAS,医疗诊断和研究,20660,-,诊断和研究,20660010,34605059000,-17.81,4.09,$27.00,医疗保健,206,10.74,21301191,709543000,1.41,-25.27,-7203438,-0.5,0.5,1,51.15,26.38,35.25,-23.4,2021-03-31T04:00:00Z,{4_trade_reduce},{trade_reduce} 25.27 %,2021Q1_961925,,,,,,,,,,,,,
IBKR,2021Q1_961884,盈透证券,2011,NAS,资本市场,10330,-,资本市场,10330010,37502459000,-16.55,5.17,$63.87,金融服务,103,0.0,3002,219000,0.0,-27.01,-1111,0.0,0.0,1,78.88,61.19,72.07,-11.38,2021-03-31T04:00:00Z,{4_trade_reduce},{trade_reduce} 27.01 %,2021Q1_961884,,,,,,,,,,,,,
MPNGY,2021Q1_962007,美团,0,OTCPK,零售,10280,-,网络零售,10280050,1475088505000,1.11,-0.56,$74.45,周期性消费,102,0.0,2055,161000,0.0,-33.28,-1025,0.0,0.0,1,116.42,72.92,91.57,-18.7,2021-03-31T04:00:00Z,{4_trade_reduce},{trade_reduce} 33.28 %,2021Q1_962007,,,,,,,,,,,,,
PYPL,2021Q1_961927,贝宝,0,NAS,信贷,10360,-,信贷服务,10360010,2252054720000,8.22,26.61,$296.51,金融服务,103,0.14,1679629,407881000,0.81,-35.02,-905060,-0.56,0.56,1,304.79,226.09,253.25,17.08,2021-03-31T04:00:00Z,{4_trade_reduce},{trade_reduce} 35.02 %,2021Q1_961927,,,,,,,,,,,,,
AAPL,2021Q1_961854,苹果,2012,NAS,硬件,31120,-,消费类电子产品,31120030,16020088127000,10.56,12.22,$148.48,科技,311,0.0,594039,72562000,0.14,-35.07,-320861,-0.11,0.11,1,143.16,116.36,128.47,15.58,2021-03-31T04:00:00Z,{4_trade_reduce},{trade_reduce} 35.07 %,2021Q1_961854,,,,,,,,,,,,,
NFLX,2021Q1_961917,奈飞,0,NAS,传媒,30820,-,娱乐,30820040,1556540628000,-1.14,0.41,$542.95,通信服务,308,0.03,133501,69642000,0.14,-35.32,-72917,-0.11,0.11,1,586.34,493.33,530.86,2.28,2021-03-31T04:00:00Z,{4_trade_reduce},{trade_reduce} 35.32 %,2021Q1_961917,,,,,,,,,,,,,
AMZN,2021Q1_961851,亚马逊,0,NAS,零售,10280,-,网络零售,10280050,11831859762000,7.46,11.49,$3631.20,周期性消费,102,0.0,13918,43063000,0.09,-38.15,-8586,-0.08,0.08,1,3380.0,2951.95,3171.97,14.48,2021-03-31T04:00:00Z,{4_trade_reduce},{trade_reduce} 38.15 %,2021Q1_961851,,,,,,,,,,,,,
PINS,2021Q1_961931,Pinterest Inc,0,NYSE,交互式媒体,30830,-,互联网和相关服务,30830010,288152365000,-17.06,6.27,$70.03,通信服务,308,0.49,3094949,229119000,0.46,-49.51,-3034831,-0.53,0.53,1,89.15,62.49,74.53,-6.04,2021-03-31T04:00:00Z,{4_trade_reduce},{trade_reduce} 49.51 %,2021Q1_961931,,,,,,,,,,,,,
FB,2021Q1_961871,Facebook Inc,0,NAS,交互式媒体,30830,-,互联网和相关服务,30830010,6314883120000,11.9,26.1,$344.46,通信服务,308,0.01,307029,90429000,0.18,-53.08,-347287,-0.25,0.25,1,294.53,245.64,269.28,27.92,2021-03-31T04:00:00Z,{4_trade_reduce},{trade_reduce} 53.08 %,2021Q1_961871,,,,,,,,,,,,,
ONVO,2021Q1_962045,Organovo Holdings Inc,0,NAS,医疗诊断和研究,20660,-,诊断和研究,20660010,423170000,-13.65,-38.78,$7.53,医疗保健,206,6.97,606221,5844000,0.01,-56.84,-798399,-0.03,0.03,1,21.7,8.67,13.12,-42.61,2021-03-31T04:00:00Z,{4_trade_reduce},{trade_reduce} 56.84 %,2021Q1_962045,,,,,,,,,,,,,
ADBE,2021Q1_961843,Adobe Inc,0,NAS,软件,31110,-,软件基础构架,31110030,1865776535000,15.85,21.2,$606.17,科技,311,0.01,33165,15766000,0.03,-69.18,-74454,-0.1,0.1,1,501.64,421.2,467.93,29.54,2021-03-31T04:00:00Z,{4_trade_reduce},{trade_reduce} 69.18 %,2021Q1_961843,,,,,,,,,,,,,
SBHGF,2021Q1_961915,SBI Holdings Inc,2020,OTCPK,资产管理,10310,-,资产管理,10310010,37598498000,-20.84,2.74,$23.86,金融服务,103,0.0,6300,171000,0.0,-72.61,-16700,0.0,0.0,1,30.72,24.07,27.61,-13.58,2021-03-31T04:00:00Z,{4_trade_reduce},{trade_reduce} 72.61 %,2021Q1_961915,,,,,,,,,,,,,
BVXV,2021Q1_962037,BiondVax Pharmaceuticals Ltd,0,NAS,生物科技,20610,-,生物科技,20610010,238112000,-14.9,-8.54,$2.57,医疗保健,206,0.07,9778,37000,0.0,-76.48,-31788,0.0,0.0,1,5.95,3.1,4.38,-41.32,2021-03-31T04:00:00Z,{4_trade_reduce},{trade_reduce} 76.48 %,2021Q1_962037,,,,,,,,,,,,,
TSM,2021Q1_961944,台积电,2020,NYSE,半导体,31130,-,半导体,31130020,3940852695000,-0.32,8.6,$117.53,科技,311,0.01,397524,47019000,0.09,-91.18,-4109870,-1.19,1.19,1,140.05,108.96,124.1,-5.29,2021-03-31T04:00:00Z,{4_trade_reduce},{trade_reduce} 91.18 %,2021Q1_961944,,,,,,,,,,,,,
HON,2021Q1_962065,霍尼韦尔,1992,NAS,工业制品,31070,-,特种工业机械,31070020,1044725235000,1.7,10.33,$232.81,工业,310,0.0,3245,704000,0.0,-91.34,-34231,-0.02,0.02,1,218.88,195.37,207.11,12.41,2021-03-31T04:00:00Z,{4_trade_reduce},{trade_reduce} 91.34 %,2021Q1_962065,,,,,,,,,,,,,
VRSK,2021Q1_961960,Verisk Analytics Inc,2019,NAS,商业服务,31020,-,咨询服务,31020020,193491031000,0.3,-10.72,$184.76,工业,310,0.0,3588,634000,0.0,-95.38,-74126,-0.04,0.04,1,202.88,161.65,183.25,0.82,2021-03-31T04:00:00Z,{4_trade_reduce},{trade_reduce} 95.38 %,2021Q1_961960,,,,,,,,,,,,,
LSPD,2021Q1_962018,Lightspeed POS Inc,0,NYSE,软件,31110,-,软件应用,31110020,68757362000,11.32,12.3,$79.05,科技,311,0.01,16774,1054000,0.0,-97.46,-643596,-0.12,0.12,1,80.85,54.09,68.35,15.65,2021-03-31T04:00:00Z,{4_trade_reduce},{trade_reduce} 97.46 %,2021Q1_962018,,,,,,,,,,,,,
ZS,2021Q1_962001,Zscaler Inc,0,NAS,软件,31110,-,软件基础构架,31110030,194240647000,11.94,9.81,$219.31,科技,311,0.0,621,107000,0.0,-98.74,-48761,-0.03,0.03,1,226.48,165.75,199.11,10.15,2021-03-31T04:00:00Z,{4_trade_reduce},{trade_reduce} 98.74 %,2021Q1_962001,,,,,,,,,,,,,
SPLK,2021Q1_961940,Splunk Inc,0,NAS,软件,31110,-,软件基础构架,31110030,141569170000,-9.97,-21.37,$133.58,科技,311,0.01,8813,1194000,0.0,-99.56,-2010460,-0.91,0.91,1,175.09,131.03,156.24,-14.5,2021-03-31T04:00:00Z,{4_trade_reduce},{trade_reduce} 99.56 %,2021Q1_961940,,,,,,,,,,,,,
WORK,2021Q1_962024,Slack Technologies Inc,0,NYSE,软件,31110,-,软件应用,31110020,169072161000,6.04,5.52,$44.57,科技,311,0.0,4735,192000,0.0,-99.57,-1101756,-0.12,0.12,1,44.28,39.95,41.86,6.47,2021-03-31T04:00:00Z,{4_trade_reduce},{trade_reduce} 99.57 %,2021Q1_962024,,,,,,,,,,,,,
GOOGL,2021Q1_962066,谷歌,0,NAS,交互式媒体,30830,-,互联网和相关服务,30830010,11184424851000,11.15,44.93,$2540.10,通信服务,308,0.0,3,6000,0.0,-100.0,-94107,-0.44,0.44,1,2118.62,1722.88,1975.79,28.56,2021-03-31T04:00:00Z,{4_trade_reduce},{trade_reduce} 100.00 %,2021Q1_962066,,,,,,,,,,,,,
CRM,2021Q1_963406,赛富时,0,NYSE,软件,31110,-,软件应用,31110020,1421393417000,1.97,6.76,$237.58,科技,311,0.0,0,0,0.0,-10000.0,-446604,-0.26,0.26,1,248.59,205.33,222.91,6.58,2021-03-31T04:00:00Z,{5_trade_sell},{trade_sell},2021Q1_963406,,,,,,,,,,,,,
FLIR,2021Q1_963403,菲利尔系统,2011,NAS,硬件,31120,-,科技仪器,31120060,48551831000,3.68,31.21,$57.17,科技,311,0.0,0,0,0.0,-10000.0,-1472422,-0.17,0.17,1,56.47,51.87,54.34,5.21,2021-03-31T04:00:00Z,{5_trade_sell},{trade_sell},2021Q1_963403,,,,,,,,,,,,,
OKTA,2021Q1_963407,Okta Inc,0,NAS,软件,31110,-,软件基础构架,31110030,235095140000,-13.37,-6.56,$237.58,科技,311,0.0,0,0,0.0,-10000.0,-182849,-0.12,0.12,1,291.78,208.51,251.97,-5.71,2021-03-31T04:00:00Z,{5_trade_sell},{trade_sell},2021Q1_963407,,,,,,,,,,,,,
LGVW,2021Q1_963409,Longview Acquisition Corp,0,NYSE,多元化金融服务,10350,-,空壳公司,10350010,7723034000,135.2,16.47,$23.05,金融服务,103,0.0,0,0,0.0,-10000.0,-1507542,-0.08,0.08,1,24.0,17.17,20.43,12.82,2021-03-31T04:00:00Z,{5_trade_sell},{trade_sell},2021Q1_963409,,,,,,,,,,,,,
ILMN,2021Q1_963404,Illumina Inc,0,NAS,医疗诊断和研究,20660,-,诊断和研究,20660010,436263257000,15.06,25.0,$462.49,医疗保健,206,0.0,0,0,0.0,-10000.0,-50585,-0.05,0.05,1,504.76,361.28,420.55,9.97,2021-03-31T04:00:00Z,{5_trade_sell},{trade_sell},2021Q1_963404,,,,,,,,,,,,,
ROK,2021Q1_963405,罗克韦尔,2002,NYSE,工业制品,31070,-,特种工业机械,31070020,220353437000,11.58,18.0,$293.82,工业,310,0.0,0,0,0.0,-10000.0,-55862,-0.04,0.04,1,273.55,241.05,254.91,15.26,2021-03-31T04:00:00Z,{5_trade_sell},{trade_sell},2021Q1_963405,,,,,,,,,,,,,
JDHIF,2021Q1_963411,京东健康,0,OTCPK,医疗机构和服务,20645,-,医疗机构,20645010,273046906000,-16.0,-35.88,$12.60,医疗保健,206,0.0,0,0,0.0,-10000.0,-6925,0.0,0.0,1,22.35,13.55,18.25,-30.96,2021-03-31T04:00:00Z,{5_trade_sell},{trade_sell},2021Q1_963411,,,,,,,,,,,,,
SMEGF,2021Q1_963410,Siemens Energy AG,0,OTCPK,公共事业 - 独立发电商,20710,-,独立发电商,20710010,125874280000,-22.94,-27.49,$27.30,公用事业,207,0.0,0,0,0.0,-10000.0,-74,0.0,0.0,1,42.06,34.28,37.7,-27.59,2021-03-31T04:00:00Z,{5_trade_sell},{trade_sell},2021Q1_963410,,,,,,,,,,,,,
AYLA,2021Q1_963408,Ayala Pharmaceuticals Inc,0,NAS,生物科技,20610,-,生物科技,20610010,1015330000,12.95,7.82,$11.86,医疗保健,206,0.0,0,0,0.0,-10000.0,-113450,0.0,0.0,1,22.0,10.73,14.38,-17.52,2021-03-31T04:00:00Z,{5_trade_sell},{trade_sell},2021Q1_963408,,,,,,,,,,,,,
